Norma	Data da publicação	Norma-URL	Ementa	Arquivo-URL	tag
IS 00-001B	2018-03-14	https://www.anac.gov.br/assuntos/legislacao/legislacao-1/iac-e-is/is/is-00-001	Sistema de Dificuldades em Serviço.	https://www.anac.gov.br/assuntos/legislacao/legislacao-1/iac-e-is/is/is-00-001/@@display-file/arquivo_norma/IS00-001B.pdf	
IS 00-002G	2021-07-27	https://www.anac.gov.br/assuntos/legislacao/legislacao-1/iac-e-is/is/is-00-002	Padrões para a realização de exames de proficiência de pilotos.	https://www.anac.gov.br/assuntos/legislacao/legislacao-1/iac-e-is/is/is-00-002/@@display-file/arquivo_norma/IS00-002G.pdf	
IS 00-004H	2021-03-10	https://www.anac.gov.br/assuntos/legislacao/legislacao-1/iac-e-is/is/is-00-004	Diretrizes Interpretativas aplicáveis às normas de âmbito da Superintendência de Padrões Operacionais.	https://www.anac.gov.br/assuntos/legislacao/legislacao-1/iac-e-is/is/is-00-004/@@display-file/arquivo_norma/IS00-004H.pdf	
IS 00-006C	2020-05-01	https://www.anac.gov.br/assuntos/legislacao/legislacao-1/iac-e-is/is/is-00-006	Procedimentos para interposição de recurso sobre indeferimento de solicitação de licença, certificado ou habilitação emitidos sob o RBAC nº 61, RBHA 63 ou RBHA 65.	https://www.anac.gov.br/assuntos/legislacao/legislacao-1/iac-e-is/is/is-00-006/@@display-file/arquivo_norma/IS00-006C.pdf	
IS 00-007A	2017-12-16	https://www.anac.gov.br/assuntos/legislacao/legislacao-1/iac-e-is/is/is-00-007	Avaliação Operacional de Aeronaves.	https://www.anac.gov.br/assuntos/legislacao/legislacao-1/iac-e-is/is/is-00-007/@@display-file/arquivo_norma/IS00-007A.pdf	
IS 00-008D	2021-06-26	https://www.anac.gov.br/assuntos/legislacao/legislacao-1/iac-e-is/is/is-00-008	Orientações e procedimentos para solicitação de licenças e habilitações e para a interação com a ANAC.	https://www.anac.gov.br/assuntos/legislacao/legislacao-1/iac-e-is/is/is-00-008/@@display-file/arquivo_norma/IS00-008D.pdf	
IS 00-009C	2021-07-03	https://www.anac.gov.br/assuntos/legislacao/legislacao-1/iac-e-is/is/is-00-009	Procedimentos para realização de inspeção de rampa em operadores aéreos no território brasileiro.	https://www.anac.gov.br/assuntos/legislacao/legislacao-1/iac-e-is/is/is-00-009/@@display-file/arquivo_norma/IS00-009C.pdf	
IS 00-010A	2020-06-13	https://www.anac.gov.br/assuntos/legislacao/legislacao-1/iac-e-is/is/is-00-010	Treinamento de Gerenciamento de Recursos de Equipes (Corporate Resource Management - CRM).	https://www.anac.gov.br/assuntos/legislacao/legislacao-1/iac-e-is/is/is-00-010/@@display-file/arquivo_norma/IS00-010A.pdf	
IS 00-011A	2020-11-07	https://www.anac.gov.br/assuntos/legislacao/legislacao-1/iac-e-is/is/is-00-011	Diretrizes Interpretativas aplicáveis às normas de âmbito da Superintendência de Pessoal da Aviação Civil.	https://www.anac.gov.br/assuntos/legislacao/legislacao-1/iac-e-is/is/is-00-011/@@display-file/arquivo_norma/IS00-011A.pdf	
IS 20-003B	2021-10-09	https://www.anac.gov.br/assuntos/legislacao/legislacao-1/iac-e-is/is/is-20-003	Extintores de incêndio portáteis.	https://www.anac.gov.br/assuntos/legislacao/legislacao-1/iac-e-is/is/is-20-003/@@display-file/arquivo_norma/IS20-003B.pdf	
IS 21-001A	2021-11-13	https://www.anac.gov.br/assuntos/legislacao/legislacao-1/iac-e-is/is/is-21-001	Orientações sobre certificação de tipo.	https://www.anac.gov.br/assuntos/legislacao/legislacao-1/iac-e-is/is/is-21-001/@@display-file/arquivo_norma/IS 21-001A - Retificado.pdf	
IS 21-004E	2021-01-30	https://www.anac.gov.br/assuntos/legislacao/legislacao-1/iac-e-is/is/is-21-004	Aprovação de Grandes Modificações e Grandes Alterações em aeronaves com marcas brasileiras, ou que venham a ter marcas brasileiras.	https://www.anac.gov.br/assuntos/legislacao/legislacao-1/iac-e-is/is/is-21-004/@@display-file/arquivo_norma/IS21-004E.pdf	
IS 21-005A	2020-10-20	https://www.anac.gov.br/assuntos/legislacao/legislacao-1/iac-e-is/is/is-21-005	Informações sobre aprovação de artigos aeronáuticos para aplicação em aeronaves, motores e hélices	https://www.anac.gov.br/assuntos/legislacao/legislacao-1/iac-e-is/is/is-21-005/@@display-file/arquivo_norma/IS21-005A.pdf	
IS 21-006C	2020-08-08	https://www.anac.gov.br/assuntos/legislacao/legislacao-1/iac-e-is/is/is-21-006-1	Produção sob o RBAC 21 subpartes F, G, K e O.	https://www.anac.gov.br/assuntos/legislacao/legislacao-1/iac-e-is/is/is-21-006-1/@@display-file/arquivo_norma/IS21-006C.pdf	
IS 21-008B	2019-04-13	https://www.anac.gov.br/assuntos/legislacao/legislacao-1/iac-e-is/is/is-21-008	Aprovação de aeronavegabilidade para exportação.	https://www.anac.gov.br/assuntos/legislacao/legislacao-1/iac-e-is/is/is-21-008/@@display-file/arquivo_norma/IS21-008B.pdf	
IS 21-010B	2013-04-27	https://www.anac.gov.br/assuntos/legislacao/legislacao-1/iac-e-is/is/is-21-010	Procedimentos para a aprovação de produtos aeronáu-ticos civis importados. / Procedures for approval of imported civil aeronautical products.	https://www.anac.gov.br/assuntos/legislacao/legislacao-1/iac-e-is/is/is-21-010/@@display-file/arquivo_norma/IS21-010B.zip	
IS 21-010C	2022-01-01	https://www.anac.gov.br/assuntos/legislacao/legislacao-1/iac-e-is/is/is-21-010c	Procedimentos para a aprovação de produtos aeronáuticos civis importados. Procedures for Approval of Imported Civil Aeronautical Products.	https://www.anac.gov.br/assuntos/legislacao/legislacao-1/iac-e-is/is/is-21-010c/@@display-file/arquivo_norma/IS 21-010C.pdf	
IS 21-013B	2016-12-17	https://www.anac.gov.br/assuntos/legislacao/legislacao-1/iac-e-is/is/is-21-013	Instruções para obtenção de aprovação de instalação de equipamentos GNSS (Global Navigation Satellite Systems) stand alone para operações VFR e IFR.	https://www.anac.gov.br/assuntos/legislacao/legislacao-1/iac-e-is/is/is-21-013/@@display-file/arquivo_norma/IS21-013B.pdf	
IS 21-018A	2021-01-01	https://www.anac.gov.br/assuntos/legislacao/legislacao-1/iac-e-is/is/is-21-018	Quality System Requirements for Corporative Distributor of COP Holder.	https://www.anac.gov.br/assuntos/legislacao/legislacao-1/iac-e-is/is/is-21-018/@@display-file/arquivo_norma/IS21-018A.pdf	
IS 21-019A	2020-10-10	https://www.anac.gov.br/assuntos/legislacao/legislacao-1/iac-e-is/is/is-21-019	Substituição de Tecidos, Espumas e Tapetes em Interiores de Aeronaves	https://www.anac.gov.br/assuntos/legislacao/legislacao-1/iac-e-is/is/is-21-019/@@display-file/arquivo_norma/IS 21-019A.pdf	
IS 21-021B	2020-06-16	https://www.anac.gov.br/assuntos/legislacao/legislacao-1/iac-e-is/is/is-21-021	Apresentação de Dados Requeridos para Certificação Suplementar de Tipo.	https://www.anac.gov.br/assuntos/legislacao/legislacao-1/iac-e-is/is/is-21-021/@@display-file/arquivo_norma/IS21-021B.pdf	
IS 21.17-2A	2012-10-06	https://www.anac.gov.br/assuntos/legislacao/legislacao-1/iac-e-is/is/is-21-17-2	Certificação de aeronavegabilidade de planadores e motoplanadores.	https://www.anac.gov.br/assuntos/legislacao/legislacao-1/iac-e-is/is/is-21-17-2/@@display-file/arquivo_norma/IS 21.17-2A.pdf	21.17
IS 21.181-001E	2020-08-08	https://www.anac.gov.br/assuntos/legislacao/legislacao-1/iac-e-is/is/is-21-181-001	Validade de Certificados de Aeronavegabilidade - CA.	https://www.anac.gov.br/assuntos/legislacao/legislacao-1/iac-e-is/is/is-21-181-001/@@display-file/arquivo_norma/IS21.181-001E.pdf	21.181
IS 21.191-001A	2012-10-05	https://www.anac.gov.br/assuntos/legislacao/legislacao-1/iac-e-is/is/is-21-191-001	Aeronaves de construção amadora.	https://www.anac.gov.br/assuntos/legislacao/legislacao-1/iac-e-is/is/is-21-191-001/@@display-file/arquivo_norma/IS21.191-001A.pdf	21.191
IS 21.191-002A	2017-12-24	https://www.anac.gov.br/assuntos/legislacao/legislacao-1/iac-e-is/is/is-21-191-002	Aeronaves históricas.	https://www.anac.gov.br/assuntos/legislacao/legislacao-1/iac-e-is/is/is-21-191-002/@@display-file/arquivo_norma/IS 21.191-002A.pdf	21.191
IS 21.231-001A	2019-11-09	https://www.anac.gov.br/assuntos/legislacao/legislacao-1/iac-e-is/is/is-21-231-001	Certificação de Organização de Projeto.	https://www.anac.gov.br/assuntos/legislacao/legislacao-1/iac-e-is/is/is-21-231-001/@@display-file/arquivo_norma/IS21.231-001A.pdf	21.231
IS 23-001A	2017-04-29	https://www.anac.gov.br/assuntos/legislacao/legislacao-1/iac-e-is/is/is-23-001	Execução de Ensaios em Voo para Avaliação de Desempenho de Equipamentos de Comunicação em VHF (VHF-COMM) instalados em Aeronaves certificadas segundo o RBAC 23.	https://www.anac.gov.br/assuntos/legislacao/legislacao-1/iac-e-is/is/is-23-001/@@display-file/arquivo_norma/IS 23-001A.pdf	
IS 23-002A	2010-08-07	https://www.anac.gov.br/assuntos/legislacao/legislacao-1/iac-e-is/is/is-23-002	Aviões categoria normal, utilidade, acrobática e transporte regional, modificados para transporte de carga. (Arquivo substituído em 24 de outubro de 2012 - Retificação DOU 24/20/2012).	https://www.anac.gov.br/assuntos/legislacao/legislacao-1/iac-e-is/is/is-23-002/@@display-file/arquivo_norma/IS 23-002A.pdf	
IS 39.19-001A	2016-08-20	https://www.anac.gov.br/assuntos/legislacao/legislacao-1/iac-e-is/is/is-39-19-001	Método Alternativo de Cumprimento de uma Diretriz de Aeronavegabilidade.	https://www.anac.gov.br/assuntos/legislacao/legislacao-1/iac-e-is/is/is-39-19-001/@@display-file/arquivo_norma/IS39.19-001A.pdf	39.19
IS 39-001C	2019-08-03	https://www.anac.gov.br/assuntos/legislacao/legislacao-1/iac-e-is/is/is-39-001	Diretrizes de Aeronavegabilidade.	https://www.anac.gov.br/assuntos/legislacao/legislacao-1/iac-e-is/is/is-39-001/@@display-file/arquivo_norma/IS39-001C.pdf	
IS 43-001A	2009-05-13	https://www.anac.gov.br/assuntos/legislacao/legislacao-1/iac-e-is/is/is-43-001	Elegibilidade, qualidade e identificação de peças de reposição.	https://www.anac.gov.br/assuntos/legislacao/legislacao-1/iac-e-is/is/is-43-001/@@display-file/arquivo_norma/IS_43-001A.pdf	
IS 43-012B	2019-04-06	https://www.anac.gov.br/assuntos/legislacao/legislacao-1/iac-e-is/is/is-43-012	Manutenção preventiva por pilotos.	https://www.anac.gov.br/assuntos/legislacao/legislacao-1/iac-e-is/is/is-43-012/@@display-file/arquivo_norma/IS43-012B.pdf	
IS 43.1-001A	2016-12-17	https://www.anac.gov.br/assuntos/legislacao/legislacao-1/iac-e-is/is/is-43.1-001	Certificação expedita de OM estrangeira não certificada pela ANAC nos termos do parágrafo RBAC 43.1(e)-I.	https://www.anac.gov.br/assuntos/legislacao/legislacao-1/iac-e-is/is/is-43.1-001/@@display-file/arquivo_norma/IS43.1-001A.pdf	43.1
IS 43.9-001B	2020-07-28	https://www.anac.gov.br/assuntos/legislacao/legislacao-1/iac-e-is/is/is-43-9-001	Instruções para Preenchimento do Formulário F-400-04 (SEGVOO 001).	https://www.anac.gov.br/assuntos/legislacao/legislacao-1/iac-e-is/is/is-43-9-001/@@display-file/arquivo_norma/IS43.9-001B.pdf	43.9
IS 43.9-002B	2016-08-27	https://www.anac.gov.br/assuntos/legislacao/legislacao-1/iac-e-is/is/is-43-9-002	Uso e preenchimento do Certificado de Liberação Autorizada (Etiqueta de Aprovação de Aeronavegabilidade).	https://www.anac.gov.br/assuntos/legislacao/legislacao-1/iac-e-is/is/is-43-9-002/@@display-file/arquivo_norma/IS43.9-002B.pdf	43.9
IS 43.9-003B	2020-02-29	https://www.anac.gov.br/assuntos/legislacao/legislacao-1/iac-e-is/is/is-43-9-003	Caderneta de célula, de motor e de hélice.	https://www.anac.gov.br/assuntos/legislacao/legislacao-1/iac-e-is/is/is-43-9-003/@@display-file/arquivo_norma/IS43.9-003B.pdf	43.9
IS 43.9-004A	2019-11-09	https://www.anac.gov.br/assuntos/legislacao/legislacao-1/iac-e-is/is/is-43-9-004	Sistema de Documentos e Registros de Manutenção Eletrônicos - SDRMe.	https://www.anac.gov.br/assuntos/legislacao/legislacao-1/iac-e-is/is/is-43-9-004/@@display-file/arquivo_norma/IS43.9-004A.pdf	43.9
IS 43.13-005A	2013-08-28	https://www.anac.gov.br/assuntos/legislacao/legislacao-1/iac-e-is/is/is-43-13-005	Ferramentas especiais.	https://www.anac.gov.br/assuntos/legislacao/legislacao-1/iac-e-is/is/is-43-13-005/@@display-file/arquivo_norma/IS43.13-005A.pdf	43.13
IS 43.13-003C	2013-09-28	https://www.anac.gov.br/assuntos/legislacao/legislacao-1/iac-e-is/is/is-43-13-003	Ensaios não destrutivos na manutenção de produto aeronáutico.	https://www.anac.gov.br/assuntos/legislacao/legislacao-1/iac-e-is/is/is-43-13-003/@@display-file/arquivo_norma/IS43.13-003C.pdf	43.13
IS 43.13-004C	2020-10-17	https://www.anac.gov.br/assuntos/legislacao/legislacao-1/iac-e-is/is/is-43-13-004	Procedimentos para Reparo de Aeronaves Avariadas em Acidente/Incidente Aeronáutico ou Ocorrência de Solo com Avarias Estruturais de Grande Monta.	https://www.anac.gov.br/assuntos/legislacao/legislacao-1/iac-e-is/is/is-43-13-004/@@display-file/arquivo_norma/IS43.13-004C.pdf	43.13
IS 61-001D	2020-06-23	https://www.anac.gov.br/assuntos/legislacao/legislacao-1/iac-e-is/is/is-61-001	Caderneta Individual de Voo Digital – CIV Digital.	https://www.anac.gov.br/assuntos/legislacao/legislacao-1/iac-e-is/is/is-61-001/@@display-file/arquivo_norma/IS61-001D.pdf	
IS 61-003B	2020-05-23	https://www.anac.gov.br/assuntos/legislacao/legislacao-1/iac-e-is/is/is-61-003-1	Processo de exame de proficiência linguística de pilotos e averbação de proficiência linguística com base em licença estrangeira em processo de convalidação.	https://www.anac.gov.br/assuntos/legislacao/legislacao-1/iac-e-is/is/is-61-003-1/@@display-file/arquivo_norma/IS-61-003B.pdf	
IS 61-004R	2021-09-11	https://www.anac.gov.br/assuntos/legislacao/legislacao-1/iac-e-is/is/is-61-004	Lista de habilitações averbadas pela ANAC nas licenças de pilotos.	https://www.anac.gov.br/assuntos/legislacao/legislacao-1/iac-e-is/is/is-61-004/@@display-file/arquivo_norma/IS61-004R.pdf	
IS 61-005B	2018-11-02	https://www.anac.gov.br/assuntos/legislacao/legislacao-1/iac-e-is/is/is-61-005	Treinamento requerido para concessão e revalidação de habilitação de tipo.	https://www.anac.gov.br/assuntos/legislacao/legislacao-1/iac-e-is/is/is-61-005/@@display-file/arquivo_norma/IS61-005B.pdf	
IS 61-006H	2020-11-14	https://www.anac.gov.br/assuntos/legislacao/legislacao-1/iac-e-is/is/is-61-006-1	Procedimentos para o lançamento de endossos nos registros de voo de pilotos.	https://www.anac.gov.br/assuntos/legislacao/legislacao-1/iac-e-is/is/is-61-006-1/@@display-file/arquivo_norma/IS61-006H.pdf	
IS 61-006J	2021-11-27	https://www.anac.gov.br/assuntos/legislacao/legislacao-1/iac-e-is/is/is-61-006i	Procedimentos para o lançamento de endossos nos registros de voo de pilotos.	https://www.anac.gov.br/assuntos/legislacao/legislacao-1/iac-e-is/is/is-61-006i/@@display-file/arquivo_norma/IS61-006J.pdf	
IS 61-007A	2018-07-28	https://www.anac.gov.br/assuntos/legislacao/legislacao-1/iac-e-is/is/is-61-007	Procedimentos para trâmite de informações acerca da execução de um programa de treinamento operacional.	https://www.anac.gov.br/assuntos/legislacao/legislacao-1/iac-e-is/is/is-61-007/@@display-file/arquivo_norma/IS61-007A.pdf	
IS 61.15-001D	2019-07-02	https://www.anac.gov.br/assuntos/legislacao/legislacao-1/iac-e-is/is/is-61-15-001	Autorização para Piloto de Ensaios em Voo.	https://www.anac.gov.br/assuntos/legislacao/legislacao-1/iac-e-is/is/is-61-15-001/@@display-file/arquivo_norma/IS61.15-001D - Retificada.pdf	61.15
IS 65-001D	2021-07-03	https://www.anac.gov.br/assuntos/legislacao/legislacao-1/iac-e-is/is/is-65-001	Procedimentos para concessão de licença e de habilitação e para recadastramento de mecânicos de manutenção aeronáutica.	https://www.anac.gov.br/assuntos/legislacao/legislacao-1/iac-e-is/is/is-65-001/@@display-file/arquivo_norma/IS65-001D.pdf	
IS 67-001A	2017-02-18	https://www.anac.gov.br/assuntos/legislacao/legislacao-1/iac-e-is/is/is-67-001	Procedimentos para reconhecimento de Curso Básico de Perícia Médica na Aviação Civil.	https://www.anac.gov.br/assuntos/legislacao/legislacao-1/iac-e-is/is/is-67-001/@@display-file/arquivo_norma/IS67-001A.pdf	
IS 67-002C	2021-10-09	https://www.anac.gov.br/assuntos/legislacao/legislacao-1/iac-e-is/is/is-67-002	Instruções para obtenção, revalidação e convalidação de um Certificado Médico Aeronáutico (CMA) e interposição de recurso.	https://www.anac.gov.br/assuntos/legislacao/legislacao-1/iac-e-is/is/is-67-002/@@display-file/arquivo_norma/IS67-002C.pdf	
IS 67-003C	2016-04-23	https://www.anac.gov.br/assuntos/legislacao/legislacao-1/iac-e-is/is/is-67-003	Procedimentos para preenchimento online dos dados do Certificado Médico Aeronáutico no Sistema de Aviação Civil.	https://www.anac.gov.br/assuntos/legislacao/legislacao-1/iac-e-is/is/is-67-003/@@display-file/arquivo_norma/IS67-003C.pdf	
IS 67-004B	2020-06-03	https://www.anac.gov.br/assuntos/legislacao/legislacao-1/iac-e-is/is/is-67-004	Guia médico - meios aceitáveis de cumprimento do RBAC nº 67.	https://www.anac.gov.br/assuntos/legislacao/legislacao-1/iac-e-is/is/is-67-004/@@display-file/arquivo_norma/IS67-004B.pdf	
IS 67-005B	2018-03-10	https://www.anac.gov.br/assuntos/legislacao/legislacao-1/iac-e-is/is/is-67-005	Procedimentos administrativos para credenciamento e revalidação de credenciamento de médicos, clínicas e convênio com entidades.	https://www.anac.gov.br/assuntos/legislacao/legislacao-1/iac-e-is/is/is-67-005/@@display-file/arquivo_norma/IS67-005B.pdf	
IS 91-001E	2017-05-27	https://www.anac.gov.br/assuntos/legislacao/legislacao-1/iac-e-is/is/is-91-001	Aprovação operacional de navegação baseada em desempenho (PBN).	https://www.anac.gov.br/assuntos/legislacao/legislacao-1/iac-e-is/is/is-91-001/@@display-file/arquivo_norma/IS91-001E.pdf	
IS 91-002D	2019-06-29	https://www.anac.gov.br/assuntos/legislacao/legislacao-1/iac-e-is/is/is-91-002	Uso de informação aeronáutica em formato digital - Electronic Flight Bag (EFB).	https://www.anac.gov.br/assuntos/legislacao/legislacao-1/iac-e-is/is/is-91-002/@@display-file/arquivo_norma/IS91-002D.pdf	
IS 91-003A	2015-09-19	https://www.anac.gov.br/assuntos/legislacao/legislacao-1/iac-e-is/is/is-91-003	Aprovação operacional para aproximações ILS CAT I com autorização requerida e decolagens com baixa visibilidade mediante o emprego do Head Up Guidance System (HGS).	https://www.anac.gov.br/assuntos/legislacao/legislacao-1/iac-e-is/is/is-91-003/@@display-file/arquivo_norma/IS91-003A.pdf	
IS 91-004B	2016-07-16	https://www.anac.gov.br/assuntos/legislacao/legislacao-1/iac-e-is/is/is-91-004	Instruções e procedimentos para autorização de operações de aproximação de precisão ILS categorias II e III por operadores aéreos regidos pelo RBHA 91.	https://www.anac.gov.br/assuntos/legislacao/legislacao-1/iac-e-is/is/is-91-004/@@display-file/arquivo_norma/IS 91-004 Revis%C3%A3o B.pdf	
IS 91-005C	2019-06-01	https://www.anac.gov.br/assuntos/legislacao/legislacao-1/iac-e-is/is/is-91-005	Aprovação operacional para operação em espaço aéreo com separação vertical mínima reduzida (RVSM).	https://www.anac.gov.br/assuntos/legislacao/legislacao-1/iac-e-is/is/is-91-005/@@display-file/arquivo_norma/IS91-005C.pdf	
IS 91-006A	2018-05-12	https://www.anac.gov.br/assuntos/legislacao/legislacao-1/iac-e-is/is/is-91-006	Procedimentos para a aprovação de operações no Espaço Aéreo NAT – HLA (North Atlantic High Level Airspace).	https://www.anac.gov.br/assuntos/legislacao/legislacao-1/iac-e-is/is/is-91-006/@@display-file/arquivo_norma/IS 91-006A.pdf	
IS 91-007C	2021-12-18	https://www.anac.gov.br/assuntos/legislacao/legislacao-1/iac-e-is/is/is-91-007	Processo de autorização de empresas de serviço aéreo público especializado.	https://www.anac.gov.br/assuntos/legislacao/legislacao-1/iac-e-is/is/is-91-007/@@display-file/arquivo_norma/IS91-007C.pdf	
IS 91-008B	2021-09-18	https://www.anac.gov.br/assuntos/legislacao/legislacao-1/iac-e-is/is/is-91-008	Procedimentos para realização de evento aeronáutico.	https://www.anac.gov.br/assuntos/legislacao/legislacao-1/iac-e-is/is/is-91-008/@@display-file/arquivo_norma/IS91-008B.pdf	
IS 91-009A	2020-11-28	https://www.anac.gov.br/assuntos/legislacao/legislacao-1/iac-e-is/is/is-91-009	Procedimentos para autorização de operadores aéreos para uso de dados de desempenho específicos para pistas com pavimento antiderrapante.	https://www.anac.gov.br/assuntos/legislacao/legislacao-1/iac-e-is/is/is-91-009/@@display-file/arquivo_norma/IS91-009A.pdf	
IS 91-010A	2021-07-31	https://www.anac.gov.br/assuntos/legislacao/legislacao-1/iac-e-is/is/is-91-010	Procedimentos para autorização do uso de comunicação por enlace de dados controlador-piloto (CPDLC) e de vigilância dependente automática-contrato (ADS-C).	https://www.anac.gov.br/assuntos/legislacao/legislacao-1/iac-e-is/is/is-91-010/@@display-file/arquivo_norma/IS91-010A.pdf	
IS 91-011A	2021-08-14	https://www.anac.gov.br/assuntos/legislacao/legislacao-1/iac-e-is/is/is-91-011	Aprovação de aproximação por instrumento utilizando créditos operacionais mediante o uso de um EFVS - Enhanced Flight Vision System.	https://www.anac.gov.br/assuntos/legislacao/legislacao-1/iac-e-is/is/is-91-011/@@display-file/arquivo_norma/IS91-011A.pdf	
IS 91-012A	2021-09-04	https://www.anac.gov.br/assuntos/legislacao/legislacao-1/iac-e-is/is/is-91-012	Lista de Equipamentos Mínimos (MEL) e operação com equipamentos e instrumentos inoperantes.	https://www.anac.gov.br/assuntos/legislacao/legislacao-1/iac-e-is/is/is-91-012/@@display-file/arquivo_norma/IS91-012A.pdf	
IS 91-013A	2021-09-04	https://www.anac.gov.br/assuntos/legislacao/legislacao-1/iac-e-is/is/is-91-013	Processo de emissão de especificações administrativas para administradores de programa de propriedade compartilhada de aeronaves regidos pela Subparte K do RBAC nº 91.	https://www.anac.gov.br/assuntos/legislacao/legislacao-1/iac-e-is/is/is-91-013/@@display-file/arquivo_norma/IS91-013A.pdf	
IS 91.21-001A	2014-10-31	https://www.anac.gov.br/assuntos/legislacao/legislacao-1/iac-e-is/is/is-91-21-001	Utilização de dispositivos eletrônicos portáteis.	https://www.anac.gov.br/assuntos/legislacao/legislacao-1/iac-e-is/is/is-91-21-001/@@display-file/arquivo_norma/IS9121-001A.PDF	91.21
IS 91.319-001A	2021-06-12	https://www.anac.gov.br/assuntos/legislacao/legislacao-1/iac-e-is/is/is-91-319-001	Sobrevoo de área densamente povoada por aeronave experimental.	https://www.anac.gov.br/assuntos/legislacao/legislacao-1/iac-e-is/is/is-91-319-001/@@display-file/arquivo_norma/IS91.319-001A.pdf	91.319
IS 91.403-001C	2021-07-17	https://www.anac.gov.br/assuntos/legislacao/legislacao-1/iac-e-is/is/is-91-403-001	Verificação de Aeronavegabilidade.	https://www.anac.gov.br/assuntos/legislacao/legislacao-1/iac-e-is/is/is-91-403-001/@@display-file/arquivo_norma/IS91.403-001C.pdf	91.403
IS 91.409-001B	2020-09-19	https://www.anac.gov.br/assuntos/legislacao/legislacao-1/iac-e-is/is/is-91-409-001	Manutenção de aeronaves, tempo recomendado entre as revisões gerais.	https://www.anac.gov.br/assuntos/legislacao/legislacao-1/iac-e-is/is/is-91-409-001/@@display-file/arquivo_norma/IS91.409-001B.pdf	91.409
IS E94-003A	2017-05-04	https://www.anac.gov.br/assuntos/legislacao/legislacao-1/iac-e-is/is/is-e94-003	Procedimentos para elaboração e utilização de avaliação de risco operacional para operadores de aeronaves não tripuladas.	https://www.anac.gov.br/assuntos/legislacao/legislacao-1/iac-e-is/is/is-e94-003/@@display-file/arquivo_norma/ISE94-003A - Retificada.pdf	
IS E94.503-001B	2021-09-25	https://www.anac.gov.br/assuntos/legislacao/legislacao-1/iac-e-is/is/is-e94-503-001	Emissão de Certificado de Autorização de Voo Experimental para Aeronaves Remotamente Pilotadas	https://www.anac.gov.br/assuntos/legislacao/legislacao-1/iac-e-is/is/is-e94-503-001/@@display-file/arquivo_norma/IS E94.503-001B.pdf	94.503
IS E94-001B	2019-10-26	https://www.anac.gov.br/assuntos/legislacao/legislacao-1/iac-e-is/is/is-e94-001	Autorização de Projeto de Sistema de Aeronave Remotamente Pilotada - Procedimentos Gerais.	https://www.anac.gov.br/assuntos/legislacao/legislacao-1/iac-e-is/is/is-e94-001/@@display-file/arquivo_norma/ISE94-001B.pdf	
IS E94-002A	2017-05-04	https://www.anac.gov.br/assuntos/legislacao/legislacao-1/iac-e-is/is/is-94-002	Autorização de Projeto de Sistema de Aeronave Remotamente Pilotada - RPAS - Requisitos Técnicos	https://www.anac.gov.br/assuntos/legislacao/legislacao-1/iac-e-is/is/is-94-002/@@display-file/arquivo_norma/ISE94-002A.pdf	
IS 103-001B	2018-06-09	https://www.anac.gov.br/assuntos/legislacao/legislacao-1/iac-e-is/is/is-103-001	Operação de veículos ultraleves e balões livres tripulados sob o RBAC nº 103.	https://www.anac.gov.br/assuntos/legislacao/legislacao-1/iac-e-is/is/is-103-001/@@display-file/arquivo_norma/IS103-001B.pdf	
IS 103-001C	2022-01-01	https://www.anac.gov.br/assuntos/legislacao/legislacao-1/iac-e-is/is/is-103-001c	Operação de veículos ultraleves e balões livres tripulados sob o RBAC nº 103.	https://www.anac.gov.br/assuntos/legislacao/legislacao-1/iac-e-is/is/is-103-001c/@@display-file/arquivo_norma/IS103-001C.pdf	
IS 107-001F	2021-03-24	https://www.anac.gov.br/assuntos/legislacao/legislacao-1/iac-e-is/is/is-107-001	Segurança da aviação contra atos de interferência ilícita - operador de aeródromo.	https://www.anac.gov.br/assuntos/legislacao/legislacao-1/iac-e-is/is/is-107-001/@@display-file/arquivo_norma/IS107-001F.pdf	
IS 107-001G	2021-11-24	https://www.anac.gov.br/assuntos/legislacao/legislacao-1/iac-e-is/is/is-107-001g	Segurança da aviação contra atos de interferência ilícita – operador de aeródromo.	https://www.anac.gov.br/assuntos/legislacao/legislacao-1/iac-e-is/is/is-107-001g/@@display-file/arquivo_norma/IS107-001G.pdf	
IS 108-001E	2021-07-24	https://www.anac.gov.br/assuntos/legislacao/legislacao-1/iac-e-is/is/is-108-001	Segurança da aviação contra atos de interferência ilícita – operador aéreo.	https://www.anac.gov.br/assuntos/legislacao/legislacao-1/iac-e-is/is/is-108-001/@@display-file/arquivo_norma/IS108-001E.pdf	
IS 110-001A	2015-10-30	https://www.anac.gov.br/assuntos/legislacao/legislacao-1/iac-e-is/is/is-110-001	Processo de autorização de centros de instrução e Manual de Procedimentos do Centro de Instrução (MPCI).	https://www.anac.gov.br/assuntos/legislacao/legislacao-1/iac-e-is/is/is-110-001/@@display-file/arquivo_norma/IS110-001A.pdf	
IS 110.11-001A	2021-08-14	https://www.anac.gov.br/assuntos/legislacao/legislacao-1/iac-e-is/is/is-110-11-001	Critérios psicofísicos para desempenho de atividades AVSEC.	https://www.anac.gov.br/assuntos/legislacao/legislacao-1/iac-e-is/is/is-110-11-001/@@display-file/arquivo_norma/IS110.11-001A.pdf	110.11
IS 117-002A	2019-12-07	https://www.anac.gov.br/assuntos/legislacao/legislacao-1/iac-e-is/is/is-117-002	Nível básico do gerenciamento da fadiga – NB.	https://www.anac.gov.br/assuntos/legislacao/legislacao-1/iac-e-is/is/is-117-002/@@display-file/arquivo_norma/IS117-002A.pdf	
IS 117-003B	2020-02-01	https://www.anac.gov.br/assuntos/legislacao/legislacao-1/iac-e-is/is/is-117-003	Gerenciamento de risco da fadiga – GRF.	https://www.anac.gov.br/assuntos/legislacao/legislacao-1/iac-e-is/is/is-117-003/@@display-file/arquivo_norma/IS117-003B.pdf	
IS 117-004A	2019-12-31	https://www.anac.gov.br/assuntos/legislacao/legislacao-1/iac-e-is/is/is-117-004	Orientações para implementação de um SGRF para operadores que tenham um GRF aceito pela ANAC.	https://www.anac.gov.br/assuntos/legislacao/legislacao-1/iac-e-is/is/is-117-004/@@display-file/arquivo_norma/IS117-004A.pdf	
IS 118-001A	2016-06-11	https://www.anac.gov.br/assuntos/legislacao/legislacao-1/iac-e-is/is/is-118-001	Lista de equipamentos e acessórios de aeronave considerados não essenciais	https://www.anac.gov.br/assuntos/legislacao/legislacao-1/iac-e-is/is/is-118-001/@@display-file/arquivo_norma/IS118-001A - SAR.pdf	
IS 119-000A	2017-09-30	https://www.anac.gov.br/assuntos/legislacao/legislacao-1/iac-e-is/is/is-119-000	Processo de certificação de empresa de transporte aéreo regida pelo RBAC nº 135.	https://www.anac.gov.br/assuntos/legislacao/legislacao-1/iac-e-is/is/is-119-000/@@display-file/arquivo_norma/IS119-000A.pdf	
IS 119-001J	2021-04-24	https://www.anac.gov.br/assuntos/legislacao/legislacao-1/iac-e-is/is/is-119-001	Processo de certificação de empresa de transporte aéreo regida pelo RBAC nº 121.	https://www.anac.gov.br/assuntos/legislacao/legislacao-1/iac-e-is/is/is-119-001/@@display-file/arquivo_norma/IS119-001J.pdf	
IS 119-002D	2012-11-10	https://www.anac.gov.br/assuntos/legislacao/legislacao-1/iac-e-is/is/is-119-002	Guia para a elaboração de SGSO de empresa aérea certificada de acordo com o RBAC 119.	https://www.anac.gov.br/assuntos/legislacao/legislacao-1/iac-e-is/is/is-119-002/@@display-file/arquivo_norma/IS 119-002D.pdf	
IS 119-003A	2013-05-18	https://www.anac.gov.br/assuntos/legislacao/legislacao-1/iac-e-is/is/is-119-003	Procedimentos para elaboração e utilização de Manual de Procedimentos Operacionais Padronizados (SOP).	https://www.anac.gov.br/assuntos/legislacao/legislacao-1/iac-e-is/is/is-119-003/@@display-file/arquivo_norma/IS119-003A.pdf	
IS 119-004H	2021-12-18	https://www.anac.gov.br/assuntos/legislacao/legislacao-1/iac-e-is/is/is-119-004	Processo de certificação de empresa de transporte aéreo regida pelo RBAC nº 135.	https://www.anac.gov.br/assuntos/legislacao/legislacao-1/iac-e-is/is/is-119-004/@@display-file/arquivo_norma/IS119-004H.pdf	
IS 119-005A	2018-02-10	https://www.anac.gov.br/assuntos/legislacao/legislacao-1/iac-e-is/is/is-119-005	Programa de degelo e antigelo no solo.	https://www.anac.gov.br/assuntos/legislacao/legislacao-1/iac-e-is/is/is-119-005/@@display-file/arquivo_norma/IS119-005A.pdf	
IS 119-006B	2021-06-26	https://www.anac.gov.br/assuntos/legislacao/legislacao-1/iac-e-is/is/is-119-006	Operação de aeronaves sob contratos de intercâmbio.	https://www.anac.gov.br/assuntos/legislacao/legislacao-1/iac-e-is/is/is-119-006/@@display-file/arquivo_norma/IS119-006B.pdf	
IS 119-007A	2021-04-24	https://www.anac.gov.br/assuntos/legislacao/legislacao-1/iac-e-is/is/is-119-007	Concentradores de oxigênio portáteis.	https://www.anac.gov.br/assuntos/legislacao/legislacao-1/iac-e-is/is/is-119-007/@@display-file/arquivo_norma/IS119-007A.pdf	
IS 120-001B	2014-01-04	https://www.anac.gov.br/assuntos/legislacao/legislacao-1/iac-e-is/is/is-120-001	Programa de manutenção de empresas de transporte aéreo.	https://www.anac.gov.br/assuntos/legislacao/legislacao-1/iac-e-is/is/is-120-001/@@display-file/arquivo_norma/IS120-001B.pdf	
IS 120-002D	2021-11-20	https://www.anac.gov.br/assuntos/legislacao/legislacao-1/iac-e-is/is/is-120-002	Orientações gerais para a implantação dos programas de prevenção do uso indevido de substâncias psicoativas na aviação civil.	https://www.anac.gov.br/assuntos/legislacao/legislacao-1/iac-e-is/is/is-120-002/@@display-file/arquivo_norma/IS120-002D.pdf	
IS 120-016A	2021-09-04	https://www.anac.gov.br/assuntos/legislacao/legislacao-1/iac-e-is/is/is-120-016	Manutenção realizada por empresas de transporte aéreo.	https://www.anac.gov.br/assuntos/legislacao/legislacao-1/iac-e-is/is/is-120-016/@@display-file/arquivo_norma/IS120-016A.pdf	
IS 121.1225-001A	2014-07-19	https://www.anac.gov.br/assuntos/legislacao/legislacao-1/iac-e-is/is/is-121-1225-001	Programa de reporte voluntário de empresa aérea certificada de acordo com o RBAC nº 121.	https://www.anac.gov.br/assuntos/legislacao/legislacao-1/iac-e-is/is/is-121-1225-001/@@display-file/arquivo_norma/IS121.1225-001A.pdf	121.1225
IS 121-001B	2021-01-23	https://www.anac.gov.br/assuntos/legislacao/legislacao-1/iac-e-is/is/is-121-001	Procedimentos para elaboração, revisão e utilização do guia de rota.	https://www.anac.gov.br/assuntos/legislacao/legislacao-1/iac-e-is/is/is-121-001/@@display-file/arquivo_norma/IS121-001B.pdf	
IS 121-002A	2017-12-16	https://www.anac.gov.br/assuntos/legislacao/legislacao-1/iac-e-is/is/is-121-002	Examinadores credenciados no âmbito dos operadores aéreos regidos pelo RBAC nº 121.	https://www.anac.gov.br/assuntos/legislacao/legislacao-1/iac-e-is/is/is-121-002/@@display-file/arquivo_norma/IS121-002A.pdf	
IS 121-003A	2018-01-20	https://www.anac.gov.br/assuntos/legislacao/legislacao-1/iac-e-is/is/is-121-003	Procedimentos para a elaboração dos procedimentos operacionais padronizados (SOP) de operadores certificados sob o RBAC n º 121.	https://www.anac.gov.br/assuntos/legislacao/legislacao-1/iac-e-is/is/is-121-003/@@display-file/arquivo_norma/IS121-003A.pdf	
IS 121-004A	2018-01-20	https://www.anac.gov.br/assuntos/legislacao/legislacao-1/iac-e-is/is/is-121-004	Procedimentos para a elaboração do Manual de Operações da Aeronave (Aircraft Operating Manual - AOM) por operadores certificados sob o RBAC nº 121.	https://www.anac.gov.br/assuntos/legislacao/legislacao-1/iac-e-is/is/is-121-004/@@display-file/arquivo_norma/IS121-004A.pdf	
IS 121-005D	2021-01-23	https://www.anac.gov.br/assuntos/legislacao/legislacao-1/iac-e-is/is/is-121-005	Procedimentos para elaboração, revisão e utilização do Manual Geral de Operações (MGO) de operadores aéreos regidos pelo RBAC nº 121.	https://www.anac.gov.br/assuntos/legislacao/legislacao-1/iac-e-is/is/is-121-005/@@display-file/arquivo_norma/IS121-005D.pdf	
IS 121-006C	2021-02-20	https://www.anac.gov.br/assuntos/legislacao/legislacao-1/iac-e-is/is/is-121-006	Procedimentos gerais para elaboração, aprovação, revisão e utilização de programas de treinamento operacional (PTO) de operadores aéreos regidos pelo RBAC nº 121.	https://www.anac.gov.br/assuntos/legislacao/legislacao-1/iac-e-is/is/is-121-006/@@display-file/arquivo_norma/IS121-006C.pdf	
IS 121-007B	2020-06-13	https://www.anac.gov.br/assuntos/legislacao/legislacao-1/iac-e-is/is/is-121-007	Procedimentos para elaboração de programa de treinamento operacional de tripulantes de voo segundo o RBAC nº 121.	https://www.anac.gov.br/assuntos/legislacao/legislacao-1/iac-e-is/is/is-121-007/@@display-file/arquivo_norma/IS-121-007B.pdf	
IS 121-008A	2018-02-24	https://www.anac.gov.br/assuntos/legislacao/legislacao-1/iac-e-is/is/is-121-008	Procedimentos para elaboração de programa de treinamento operacional de despachantes operacionais de voo segundo o RBAC nº 121.	https://www.anac.gov.br/assuntos/legislacao/legislacao-1/iac-e-is/is/is-121-008/@@display-file/arquivo_norma/IS121-008A.pdf 
IS 121-009A 2018-05-09  https://www.anac.gov.br/assuntos/legislacao/legislacao-1/iac-e-is/is/is-121-009	Conteúdo aceitável dos conjuntos de sobrevivência para operações sob o RBAC nº 121 sobre grandes extensões de água e sobre terreno desabitado.	https://www.anac.gov.br/assuntos/legislacao/legislacao-1/iac-e-is/is/is-121-009/@@display-file/arquivo_norma/IS121-009A.pdf 
IS 121-010A	2018-07-07	https://www.anac.gov.br/assuntos/legislacao/legislacao-1/iac-e-is/is/is-121-010	Sistema de documentos de segurança operacional.	https://www.anac.gov.br/assuntos/legislacao/legislacao-1/iac-e-is/is/is-121-010/@@display-file/arquivo_norma/IS121-010A.pdf	
IS 121-011B	2020-06-13	https://www.anac.gov.br/assuntos/legislacao/legislacao-1/iac-e-is/is/is-121-011-1	Procedimentos para elaboração de programa de treinamento operacional de comissários de voo segundo o RBAC nº 121.	https://www.anac.gov.br/assuntos/legislacao/legislacao-1/iac-e-is/is/is-121-011-1/@@display-file/arquivo_norma/IS121-011B.pdf	
IS 129-001B	2018-03-10	https://www.anac.gov.br/assuntos/legislacao/legislacao-1/iac-e-is/is/is-129-001	Procedimentos relativos a operação de empresas estrangeiras de transporte aéreo público no Brasil.	https://www.anac.gov.br/assuntos/legislacao/legislacao-1/iac-e-is/is/is-129-001/@@display-file/arquivo_norma/IS129-001B.pdf	
IS 133-001A	2021-11-27	https://www.anac.gov.br/assuntos/legislacao/legislacao-1/iac-e-is/is/is-133-001	Procedimentos para autorização para operações de helicópteros com carga externa segundo o RBAC nº 133.	https://www.anac.gov.br/assuntos/legislacao/legislacao-1/iac-e-is/is/is-133-001/@@display-file/arquivo_norma/IS133-001A.pdf	
IS 135-004A	2017-09-30	https://www.anac.gov.br/assuntos/legislacao/legislacao-1/iac-e-is/is/is-135-004	Procedimentos para credenciamento de comissário de voo como examinador em operador sob o RBAC nº 135.	https://www.anac.gov.br/assuntos/legislacao/legislacao-1/iac-e-is/is/is-135-004/@@display-file/arquivo_norma/IS135-004A.pdf	
IS 135-001D	2019-06-29	https://www.anac.gov.br/assuntos/legislacao/legislacao-1/iac-e-is/is/is-135-001	Procedimentos para credenciamento de piloto examinador no âmbito do RBAC nº 135.	https://www.anac.gov.br/assuntos/legislacao/legislacao-1/iac-e-is/is/is-135-001/@@display-file/arquivo_norma/ IS135-001D.pdf	
IS 135-002D	2019-06-15	https://www.anac.gov.br/assuntos/legislacao/legislacao-1/iac-e-is/is/is-135-002	Procedimentos para elaboração do manual geral de operações (MGO) dos operadores aéreos regidos pelo RBAC nº 135.	https://www.anac.gov.br/assuntos/legislacao/legislacao-1/iac-e-is/is/is-135-002/@@display-file/arquivo_norma/IS135-002D.pdf	
IS 135-003D	2020-06-13	https://www.anac.gov.br/assuntos/legislacao/legislacao-1/iac-e-is/is/is-135-003	Procedimentos para elaboração e efetivação de programas de treinamento operacional (PrTrnOp) para operações conduzidas segundo o RBAC nº 135.	https://www.anac.gov.br/assuntos/legislacao/legislacao-1/iac-e-is/is/is-135-003/@@display-file/arquivo_norma/IS135-003D.pdf	
IS 135.21-001A	2012-08-18	https://www.anac.gov.br/assuntos/legislacao/legislacao-1/iac-e-is/is/is-135-21-001	Instruções para elaboração do Manual Geral de Manutenção (MGM) - táxis aéreos operando exclusivamente aeronaves com configuração máxima para passageiros igual ou inferior a 9 (nove) assentos.	https://www.anac.gov.br/assuntos/legislacao/legislacao-1/iac-e-is/is/is-135-21-001/@@display-file/arquivo_norma/IS 135.21-001A.pdf	135.21
IS 137-001C	2018-11-24	https://www.anac.gov.br/assuntos/legislacao/legislacao-1/iac-e-is/is/is-137-001	Orientações relativas a equipamentos dispersores.	https://www.anac.gov.br/assuntos/legislacao/legislacao-1/iac-e-is/is/is-137-001/@@display-file/arquivo_norma/IS137-001C.pdf	
IS 137-002C	#VALOR!	https://www.anac.gov.br/assuntos/legislacao/legislacao-1/iac-e-is/is/is-137-002	Orientações relativas à instalação de DGPS em aeronaves agrícolas.	https://www.anac.gov.br/assuntos/legislacao/legislacao-1/iac-e-is/is/is-137-002/@@display-file/arquivo_norma/IS137-002C.pdf	
IS 137-003A	2015-06-27	https://www.anac.gov.br/assuntos/legislacao/legislacao-1/iac-e-is/is/is-137-003	Processo de certificação de empresa aeroagrícola	https://www.anac.gov.br/assuntos/legislacao/legislacao-1/iac-e-is/is/is-137-003/@@display-file/arquivo_norma/IS137-003A.pdf	
IS 137.201-001D	2021-09-25	https://www.anac.gov.br/assuntos/legislacao/legislacao-1/iac-e-is/is/is-137-201-001	Uso de etanol em aeronaves agrícolas.	https://www.anac.gov.br/assuntos/legislacao/legislacao-1/iac-e-is/is/is-137-201-001/@@display-file/arquivo_norma/IS 137.201-001D.pdf	137.201
IS 141-001C	2015-06-27	https://www.anac.gov.br/assuntos/legislacao/legislacao-1/iac-e-is/is/is-141-001	Procedimentos para comunicação da relação de alunos de cursos homologados em escolas de aviação civil.	https://www.anac.gov.br/assuntos/legislacao/legislacao-1/iac-e-is/is/is-141-001/@@display-file/arquivo_norma/IS141-001C.pdf	
IS 141-003A	2017-12-23	https://www.anac.gov.br/assuntos/legislacao/legislacao-1/iac-e-is/is/is-141-003	Currículo mínimo para a formação teórica e prática do Despachante Operacional de Voo (DOV).	https://www.anac.gov.br/assuntos/legislacao/legislacao-1/iac-e-is/is/is-141-003/@@display-file/arquivo_norma/IS141-003A.pdf	
IS 141-004A	2019-05-25	https://www.anac.gov.br/assuntos/legislacao/legislacao-1/iac-e-is/is/is-141-004	Processo de certificação de centro de instrução de aviação civil pelo RBAC nº 141.	https://www.anac.gov.br/assuntos/legislacao/legislacao-1/iac-e-is/is/is-141-004/@@display-file/arquivo_norma/IS141-004.pdf	
IS 141-005A	2019-07-09	https://www.anac.gov.br/assuntos/legislacao/legislacao-1/iac-e-is/is/is-141-005	Guia para implementação e manutenção do SGSO em Centros de Instrução de Aviação Civil certificados conforme o RBAC nº 141.	https://www.anac.gov.br/assuntos/legislacao/legislacao-1/iac-e-is/is/is-141-005/@@display-file/arquivo_norma/IS141-005A.pdf	
IS 141-006A	2019-07-09	https://www.anac.gov.br/assuntos/legislacao/legislacao-1/iac-e-is/is/is-141-006	Guia para implementação e manutenção do sistema de garantia da qualidade em CIAC.	https://www.anac.gov.br/assuntos/legislacao/legislacao-1/iac-e-is/is/is-141-006/@@display-file/arquivo_norma/ IS141-006A.pdf	
IS 141-007A	2020-06-16	https://www.anac.gov.br/assuntos/legislacao/legislacao-1/iac-e-is/is/is-141-007	Programas de Instruções e Procedimentos e Manual de Instruções e Procedimentos.	https://www.anac.gov.br/assuntos/legislacao/legislacao-1/iac-e-is/is/is-141-007/@@display-file/arquivo_norma/IS141-007A.pdf	
IS 142-001A	2014-07-12	https://www.anac.gov.br/assuntos/legislacao/legislacao-1/iac-e-is/is/is-142-001	Instruções e procedimentos para certificação de um Centro de Treinamento de Aviação Civil ou alterações de suas respectivas Especificações de Treinamento.	https://www.anac.gov.br/assuntos/legislacao/legislacao-1/iac-e-is/is/is-142-001/@@display-file/arquivo_norma/IS 142-001A.pdf	
IS 142-002C	2018-01-30	https://www.anac.gov.br/assuntos/legislacao/legislacao-1/iac-e-is/is/is-142-002	Procedimentos para validação de centro de treinamento de aviação civil estrangeiro.	https://www.anac.gov.br/assuntos/legislacao/legislacao-1/iac-e-is/is/is-142-002/@@display-file/arquivo_norma/IS142-002C.pdf	
IS 142-003B	2020-05-16	https://www.anac.gov.br/assuntos/legislacao/legislacao-1/iac-e-is/is/is-142-003	Aprovação de instrutores e credenciamento de examinadores vinculados à centros de treinamento de aviação civil.	https://www.anac.gov.br/assuntos/legislacao/legislacao-1/iac-e-is/is/is-142-003/@@display-file/arquivo_norma/IS142-003B.pdf	
IS 145-001E	2020-06-16	https://www.anac.gov.br/assuntos/legislacao/legislacao-1/iac-e-is/is/is-145-001	Certificação de organizações de manutenção domésticas.	https://www.anac.gov.br/assuntos/legislacao/legislacao-1/iac-e-is/is/is-145-001/@@display-file/arquivo_norma/IS145-001E.pdf	
IS 145-002B	2016-04-16	https://www.anac.gov.br/assuntos/legislacao/legislacao-1/iac-e-is/is/is-145-002	Certification of Foreign Maintenance Organization	https://www.anac.gov.br/assuntos/legislacao/legislacao-1/iac-e-is/is/is-145-002/@@display-file/arquivo_norma/IS145-002B - Ingl%C3%AAs.pdf	
IS 145-002B	2016-04-16	https://www.anac.gov.br/assuntos/legislacao/legislacao-1/iac-e-is/is/is-145-002b	Certificação de organização de manutenção estrangeira.	https://www.anac.gov.br/assuntos/legislacao/legislacao-1/iac-e-is/is/is-145-002b/@@display-file/arquivo_norma/IS145-002Bp.pdf	
IS 145-003B	2012-07-28	https://www.anac.gov.br/assuntos/legislacao/legislacao-1/iac-e-is/is/is-145-003	Situações em que deve ocorrer a análise e aceitação dos Manuais de Procedimentos de Inspeção (MPI) de empresas certificadas RBHA 145.	https://www.anac.gov.br/assuntos/legislacao/legislacao-1/iac-e-is/is/is-145-003/@@display-file/arquivo_norma/IS 145-003B.pdf	
IS 145-009C	2020-10-10	https://www.anac.gov.br/assuntos/legislacao/legislacao-1/iac-e-is/is/is-145-009	Manual da Organização de Manutenção, Manual de Controle da Qualidade e Declaração de Conformidade.	https://www.anac.gov.br/assuntos/legislacao/legislacao-1/iac-e-is/is/is-145-009/@@display-file/arquivo_norma/IS 145-009C.pdf	
IS 145-010B	2020-01-25	https://www.anac.gov.br/assuntos/legislacao/legislacao-1/iac-e-is/is/is-145-010	Programa de Treinamento em Organizações de Manutenção.	https://www.anac.gov.br/assuntos/legislacao/legislacao-1/iac-e-is/is/is-145-010/@@display-file/arquivo_norma/IS145-010B.pdf	
IS 145.109-001C	2017-06-17	https://www.anac.gov.br/assuntos/legislacao/legislacao-1/iac-e-is/is/is-145-109-001	Publicações técnicas: obtenção e controle pelas organizações de manutenção de produto aeronáutico.	https://www.anac.gov.br/assuntos/legislacao/legislacao-1/iac-e-is/is/is-145-109-001/@@display-file/arquivo_norma/IS145.109-001C.pdf	145.109
IS 145.151-001E	2020-06-16	https://www.anac.gov.br/assuntos/legislacao/legislacao-1/iac-e-is/is/is-145-151-001	Cadastramento de Responsável Técnico de Organização de Manutenção de Produto Aeronáutico.	https://www.anac.gov.br/assuntos/legislacao/legislacao-1/iac-e-is/is/is-145-151-001/@@display-file/arquivo_norma/IS145.151-001E.pdf	145.151
IS 145.163-001A	2013-09-28	https://www.anac.gov.br/assuntos/legislacao/legislacao-1/iac-e-is/is/is-145-163-001	Qualificação e Autorização em Ensaios não destrutivos na manutenção de produto aeronáutico	https://www.anac.gov.br/assuntos/legislacao/legislacao-1/iac-e-is/is/is-145-163-001/@@display-file/arquivo_norma/IS145.163-001A.pdf	145.163
IS 145.214-001B	#VALOR!	https://www.anac.gov.br/assuntos/legislacao/legislacao-1/iac-e-is/is/is-145-214-001	Sistema de Gerenciamento da Segurança Operacional em Organizações de Manutenção de Produto Aeronáutico.	https://www.anac.gov.br/assuntos/legislacao/legislacao-1/iac-e-is/is/is-145-214-001/@@display-file/arquivo_norma/IS145.214-001B.pdf	145.214
IS 153-109B	2020-03-07	https://www.anac.gov.br/assuntos/legislacao/legislacao-1/iac-e-is/is/is-153-109	Sistema de Orientação e Controle da Movimentação no Solo - SOCMS.	https://www.anac.gov.br/assuntos/legislacao/legislacao-1/iac-e-is/is/is-153-109/@@display-file/arquivo_norma/IS153-109B.pdf	
IS 153.37-001A	2019-05-16	https://www.anac.gov.br/assuntos/legislacao/legislacao-1/iac-e-is/is/is-153-37-001	Programa de Treinamento Recorrente para Bombeiros de Aeródromo – PTR-BA.	https://www.anac.gov.br/assuntos/legislacao/legislacao-1/iac-e-is/is/is-153-37-001/@@display-file/arquivo_norma/IS153.37-001A.pdf	153.37
IS 153.103-001A	2016-08-13	https://www.anac.gov.br/assuntos/legislacao/legislacao-1/iac-e-is/is/is-153-103-001	Orientações para aplicação do método ACN-PCN.	https://www.anac.gov.br/assuntos/legislacao/legislacao-1/iac-e-is/is/is-153-103-001/@@display-file/arquivo_norma/IS153.103-001A.pdf	153.103
IS 153.203-001A	2020-09-24	https://www.anac.gov.br/assuntos/legislacao/legislacao-1/iac-e-is/is/is-153-203-001	Avaliação da condição funcional do pavimento.	https://www.anac.gov.br/assuntos/legislacao/legislacao-1/iac-e-is/is/is-153-203-001/@@display-file/arquivo_norma/IS153.203-001A.pdf	153.203
IS 153.205-001B	2020-09-24	https://www.anac.gov.br/assuntos/legislacao/legislacao-1/iac-e-is/is/is-153-205-001	Monitoramento da irregularidade longitudinal, atrito e macrotextura do pavimento da pista pouso e decolagem.	https://www.anac.gov.br/assuntos/legislacao/legislacao-1/iac-e-is/is/is-153-205-001/@@display-file/arquivo_norma/IS153.205-001B.pdf	153.205
IS 153.403-001A	2019-05-16	https://www.anac.gov.br/assuntos/legislacao/legislacao-1/iac-e-is/is/is-153-403-001	CAT – Categoria Contraincêndio de Aeródromo.	https://www.anac.gov.br/assuntos/legislacao/legislacao-1/iac-e-is/is/is-153-403-001/@@display-file/arquivo_norma/IS153.403-001A.pdf	153.403
IS 153.405-001A	2019-05-16	https://www.anac.gov.br/assuntos/legislacao/legislacao-1/iac-e-is/is/is-153-405-001	Agentes extintores.	https://www.anac.gov.br/assuntos/legislacao/legislacao-1/iac-e-is/is/is-153-405-001/@@display-file/arquivo_norma/IS153.405-001A.pdf	153.405
IS 153.407-001A	2019-05-16	https://www.anac.gov.br/assuntos/legislacao/legislacao-1/iac-e-is/is/is-153-407-001	CCI e demais veículos do SESCINC.	https://www.anac.gov.br/assuntos/legislacao/legislacao-1/iac-e-is/is/is-153-407-001/@@display-file/arquivo_norma/IS153.407-001A.pdf	153.407
IS 153.409-001A	2019-05-16	https://www.anac.gov.br/assuntos/legislacao/legislacao-1/iac-e-is/is/is-153-409-001	Tempo-resposta.	https://www.anac.gov.br/assuntos/legislacao/legislacao-1/iac-e-is/is/is-153-409-001/@@display-file/arquivo_norma/IS153.409-001A.pdf	153.409
IS 153.413-001A	2019-05-16	https://www.anac.gov.br/assuntos/legislacao/legislacao-1/iac-e-is/is/is-153-413-001	Operações Compatíveis com a CAT.	https://www.anac.gov.br/assuntos/legislacao/legislacao-1/iac-e-is/is/is-153-413-001/@@display-file/arquivo_norma/IS153.413-001A.pdf	153.413
IS 153.417-001A	2019-05-16	https://www.anac.gov.br/assuntos/legislacao/legislacao-1/iac-e-is/is/is-153-417-001	Formação dos profissionais.	https://www.anac.gov.br/assuntos/legislacao/legislacao-1/iac-e-is/is/is-153-417-001/@@display-file/arquivo_norma/IS153.417-001A.pdf	153.417
IS 153.421-001A	2019-05-16	https://www.anac.gov.br/assuntos/legislacao/legislacao-1/iac-e-is/is/is-153-421-001	Equipamentos de Proteção.	https://www.anac.gov.br/assuntos/legislacao/legislacao-1/iac-e-is/is/is-153-421-001/@@display-file/arquivo_norma/IS153.421-001A.pdf	153.421
IS 153.423-001A	2019-05-16	https://www.anac.gov.br/assuntos/legislacao/legislacao-1/iac-e-is/is/is-153-423-001	Equipamentos de apoio às operações de resgate.	https://www.anac.gov.br/assuntos/legislacao/legislacao-1/iac-e-is/is/is-153-423-001/@@display-file/arquivo_norma/IS153.423-001A.pdf	153.423
IS 153.425-001A	2019-05-16	https://www.anac.gov.br/assuntos/legislacao/legislacao-1/iac-e-is/is/is-153-425-001	Seção Contraincêndio.	https://www.anac.gov.br/assuntos/legislacao/legislacao-1/iac-e-is/is/is-153-425-001/@@display-file/arquivo_norma/IS153.425-001A.pdf	153.425
IS 153.427-001A	2019-05-16	https://www.anac.gov.br/assuntos/legislacao/legislacao-1/iac-e-is/is/is-153-427-001	Sistemas de comunicação e alarme.	https://www.anac.gov.br/assuntos/legislacao/legislacao-1/iac-e-is/is/is-153-427-001/@@display-file/arquivo_norma/IS153.427-001A.pdf	153.427
IS 153.429-001A	2019-05-16	https://www.anac.gov.br/assuntos/legislacao/legislacao-1/iac-e-is/is/is-153-429-001	Vias de acesso de emergência.	https://www.anac.gov.br/assuntos/legislacao/legislacao-1/iac-e-is/is/is-153-429-001/@@display-file/arquivo_norma/IS153.429-001A.pdf	153.429
IS 153.431-001A	2019-05-16	https://www.anac.gov.br/assuntos/legislacao/legislacao-1/iac-e-is/is/is-153-431-001	Informações operacionais.	https://www.anac.gov.br/assuntos/legislacao/legislacao-1/iac-e-is/is/is-153-431-001/@@display-file/arquivo_norma/IS153.431-001A.pdf	153.431
IS 153.433-001A	2019-05-16	https://www.anac.gov.br/assuntos/legislacao/legislacao-1/iac-e-is/is/is-153-433-001	Serviço Especializado de Salvamento Aquático - SESAQ.	https://www.anac.gov.br/assuntos/legislacao/legislacao-1/iac-e-is/is/is-153-433-001/@@display-file/arquivo_norma/IS153.433-001A.pdf	153.433
IS 153.501-001A	2021-04-02	https://www.anac.gov.br/assuntos/legislacao/legislacao-1/iac-e-is/is/is-153-501-001	Procedimentos básicos de gerenciamento do risco da fauna.	https://www.anac.gov.br/assuntos/legislacao/legislacao-1/iac-e-is/is/is-153-501-001/@@display-file/arquivo_norma/IS153.501-001A.pdf	153.501
IS 153.503-00A	2021-04-02	https://www.anac.gov.br/assuntos/legislacao/legislacao-1/iac-e-is/is/is-153-503-001	Análise do risco de colisão entre aeronaves e fauna.	https://www.anac.gov.br/assuntos/legislacao/legislacao-1/iac-e-is/is/is-153-503-001/@@display-file/arquivo_norma/IS153.503-001A.pdf	153.503
IS 153.505-001A	2021-04-02	https://www.anac.gov.br/assuntos/legislacao/legislacao-1/iac-e-is/is/is-153-505-001	Identificação dos perigos, monitoramento e implementação de técnicas de manejo de fauna.	https://www.anac.gov.br/assuntos/legislacao/legislacao-1/iac-e-is/is/is-153-505-001/@@display-file/arquivo_norma/IS153.505-001A.pdf	153.505
IS 154-001A	2020-03-07	https://www.anac.gov.br/assuntos/legislacao/legislacao-1/iac-e-is/is/is-154-001	Auxílios visuais para pátios de aeronaves.	https://www.anac.gov.br/assuntos/legislacao/legislacao-1/iac-e-is/is/is-154-001/@@display-file/arquivo_norma/Anexo IV - IS154-001A.pdf	
IS 154-002A	2021-06-26	https://www.anac.gov.br/assuntos/legislacao/legislacao-1/iac-e-is/is/is-154-002	Características físicas de aeródromos.	https://www.anac.gov.br/assuntos/legislacao/legislacao-1/iac-e-is/is/is-154-002/@@display-file/arquivo_norma/IS154-002A.pdf	
IS 154.5-001A	2018-07-05	https://www.anac.gov.br/assuntos/legislacao/legislacao-1/iac-e-is/is/is-154-5-001	Orientações para a elaboração de análise de risco com vistas à demonstração de nível aceitável de segurança operacional.	https://www.anac.gov.br/assuntos/legislacao/legislacao-1/iac-e-is/is/is-154-5-001/@@display-file/arquivo_norma/IS154.5-001A.pdf	154.5
IS 154-201-001A	2021-02-20	https://www.anac.gov.br/assuntos/legislacao/legislacao-1/iac-e-is/is/is-154-201-001	Projeto de ranhuras transversais (grooving) em pavimentos aeroportuários.	https://www.anac.gov.br/assuntos/legislacao/legislacao-1/iac-e-is/is/is-154-201-001/@@display-file/arquivo_norma/IS154.201-001A.pdf	
IS 154.209-001A	2021-12-25	https://www.anac.gov.br/assuntos/legislacao/legislacao-1/iac-e-is/is/is-154-209-001	Projeto de sistemas de desaceleração de aeronaves.	https://www.anac.gov.br/assuntos/legislacao/legislacao-1/iac-e-is/is/is-154-209-001/@@display-file/arquivo_norma/IS154.209-001A.pdf	154.209
IS 161.55-001A	2013-06-01	https://www.anac.gov.br/assuntos/legislacao/legislacao-1/iac-e-is/is/is-161-55-001	Projeto de Monitoramento de Ruído	https://www.anac.gov.br/assuntos/legislacao/legislacao-1/iac-e-is/is/is-161-55-001/@@display-file/arquivo_norma/IS161.55-001A.pdf	161.55
IS 164-001A	2015-08-01	https://www.anac.gov.br/assuntos/legislacao/legislacao-1/iac-e-is/is/is-164-001	Análise do risco de colisão entre aeronaves e fauna.	https://www.anac.gov.br/assuntos/legislacao/legislacao-1/iac-e-is/is/is-164-001/@@display-file/arquivo_norma/IS164-001A.pdf	
IS 175-000B	2021-03-18	https://www.anac.gov.br/assuntos/legislacao/legislacao-1/iac-e-is/is/is-175-000	Processo de certificação para o transporte de artigos perigosos.	https://www.anac.gov.br/assuntos/legislacao/legislacao-1/iac-e-is/is/is-175-000/@@display-file/arquivo_norma/175-000B.pdf	
IS 175-001H	2021-03-18	https://www.anac.gov.br/assuntos/legislacao/legislacao-1/iac-e-is/is/is-175-001	Transporte de artigos perigosos em aeronaves civis.	https://www.anac.gov.br/assuntos/legislacao/legislacao-1/iac-e-is/is/is-175-001/@@display-file/arquivo_norma/IS175-001H.pdf	
IS 175-002G	2021-07-31	https://www.anac.gov.br/assuntos/legislacao/legislacao-1/iac-e-is/is/is-175-002	Treinamento de artigos perigosos para pessoal envolvido com processos relacionados ao transporte de passageiros, de carga aérea e de artigos perigosos por aeronaves civis.	https://www.anac.gov.br/assuntos/legislacao/legislacao-1/iac-e-is/is/is-175-002/@@display-file/arquivo_norma/IS175-002G.pdf	
IS 175-003D	2021-03-18	https://www.anac.gov.br/assuntos/legislacao/legislacao-1/iac-e-is/is/is-175-003	Instruções para preenchimento completo e adequado do Conhecimento de Transporte eletrônico - CT-e - e do Manifesto de Documentos Fiscais eletrônico - MDF-e.	https://www.anac.gov.br/assuntos/legislacao/legislacao-1/iac-e-is/is/is-175-003/@@display-file/arquivo_norma/IS175-003D.pdf	
IS 175-004D	2021-03-18	https://www.anac.gov.br/assuntos/legislacao/legislacao-1/iac-e-is/is/is-175-004	Orientações quanto aos procedimentos para a expedição e transporte de substâncias biológicas e infectantes em aeronaves civis.	https://www.anac.gov.br/assuntos/legislacao/legislacao-1/iac-e-is/is/is-175-004/@@display-file/arquivo_norma/IS175-004D.pdf	
IS 175-005D	2021-04-15	https://www.anac.gov.br/assuntos/legislacao/legislacao-1/iac-e-is/is/is-175-005	Orientações para os procedimentos de Notificação de Ocorrências com Artigos Perigosos (NOAP) e de Notificação de Condições Latentes com Artigos Perigosos (NOCLAP).	https://www.anac.gov.br/assuntos/legislacao/legislacao-1/iac-e-is/is/is-175-005/@@display-file/arquivo_norma/IS175-005D.pdf	
IS 175-006D	2021-04-15	https://www.anac.gov.br/assuntos/legislacao/legislacao-1/iac-e-is/is/is-175-006	Manual de Artigos Perigosos – MAP.	https://www.anac.gov.br/assuntos/legislacao/legislacao-1/iac-e-is/is/is-175-006/@@display-file/arquivo_norma/IS175-006D.pdf	
IS 175-007D	2021-03-18	https://www.anac.gov.br/assuntos/legislacao/legislacao-1/iac-e-is/is/is-175-007	Programa de treinamento de artigos perigosos - PTAP.	https://www.anac.gov.br/assuntos/legislacao/legislacao-1/iac-e-is/is/is-175-007/@@display-file/arquivo_norma/IS175-007D.pdf	
IS 175-008C	2021-03-18	https://www.anac.gov.br/assuntos/legislacao/legislacao-1/iac-e-is/is/is-175-008	Orientações para solicitação e obtenção de aprovação (approval) e isenção (exemption) para transporte de artigos perigosos por via aérea.	https://www.anac.gov.br/assuntos/legislacao/legislacao-1/iac-e-is/is/is-175-008/@@display-file/arquivo_norma/IS175-008C.pdf	
IS 175-009B	2021-03-18	https://www.anac.gov.br/assuntos/legislacao/legislacao-1/iac-e-is/is/is-175-009	Instruções para preenchimento e envio do Relatório de Transporte de Artigos Perigosos à ANAC.	https://www.anac.gov.br/assuntos/legislacao/legislacao-1/iac-e-is/is/is-175-009/@@display-file/arquivo_norma/IS175-009B.pdf	
IS 175-010C	2021-03-18	https://www.anac.gov.br/assuntos/legislacao/legislacao-1/iac-e-is/is/is-175-010	Guia de resposta a emergências para incidentes aeronáuticos envolvendo artigos perigosos.	https://www.anac.gov.br/assuntos/legislacao/legislacao-1/iac-e-is/is/is-175-010/@@display-file/arquivo_norma/IS175-010C.pdf	
IS 175-011B	2021-04-15	https://www.anac.gov.br/assuntos/legislacao/legislacao-1/iac-e-is/is/is-175-011	Declaração do expedidor para artigos perigosos.	https://www.anac.gov.br/assuntos/legislacao/legislacao-1/iac-e-is/is/is-175-011/@@display-file/arquivo_norma/IS175-011B.pdf	
IS 175-012A	2021-03-30	https://www.anac.gov.br/assuntos/legislacao/legislacao-1/iac-e-is/is/is-175-012	Aprovação de projeto de embalagem para transporte aéreo de artigos perigosos e aprovação de produção.	https://www.anac.gov.br/assuntos/legislacao/legislacao-1/iac-e-is/is/is-175-012/@@display-file/arquivo_norma/IS 175-012A - Retificado.pdf	
IS 175-013A	2021-07-31	https://www.anac.gov.br/assuntos/legislacao/legislacao-1/iac-e-is/is/is-175-013	Processo de credenciamento de instrutores de artigos perigosos.	https://www.anac.gov.br/assuntos/legislacao/legislacao-1/iac-e-is/is/is-175-013/@@display-file/arquivo_norma/IS175-013A.pdf	
IS 183-001D	2018-11-15	https://www.anac.gov.br/assuntos/legislacao/legislacao-1/iac-e-is/is/is-183-001	Processo de credenciamento de pessoa jurídica para aplicação do exame de proficiência linguística da ANAC.	https://www.anac.gov.br/assuntos/legislacao/legislacao-1/iac-e-is/is/is-183-001/@@display-file/arquivo_norma/IS183-001D.pdf	
IS 183-002F	2021-10-30	https://www.anac.gov.br/assuntos/legislacao/legislacao-1/iac-e-is/is/is-183-002	Processo de credenciamento de pessoa física na SAR e de examinador de MMA, e orientações de atuação para os profissionais credenciados	https://www.anac.gov.br/assuntos/legislacao/legislacao-1/iac-e-is/is/is-183-002/@@display-file/arquivo_norma/IS 183-002F.pdf	
IS 183-004A	2018-06-20	https://www.anac.gov.br/assuntos/legislacao/legislacao-1/iac-e-is/is/is-183-004	Credenciamento de associações aerodesportivas pela ANAC.	https://www.anac.gov.br/assuntos/legislacao/legislacao-1/iac-e-is/is/is-183-004/@@display-file/arquivo_norma/ IS183-004A.pdf	
IS 183-005A	2021-10-16	https://www.anac.gov.br/assuntos/legislacao/legislacao-1/iac-e-is/is/is-183-005	Processo de credenciamento de pessoa física para atuação em processos de aeronavegabilidade continuada no âmbito da SPO.	https://www.anac.gov.br/assuntos/legislacao/legislacao-1/iac-e-is/is/is-183-005/@@display-file/arquivo_norma/IS183-005A.pdf 
