"## MPR","","","","",""
"Documento","Revisão","Descrição","Emissão","Comentários (Intranet SAR)","Arquivos (Intranet SAR)"
"---",":---:","---","---","---","---"
"MPH-250-005","5","Homologação de Tipo de Motores e Hélices Fabricados no Brasil","26/08/2008","[Comentários](http://sar.anac.gov.br/Regulamentacao/MPHDetail.asp?MPHNum=250&MPHRev=005&MPHTipo=MPH)","[Arquivo](http://sar.anac.gov.br/FDH/MPR/Textos/MPH-250-005-P.pdf)"
"MPH-260-004","4","Validação de Certificação de Tipo de Motor e Hélice Importados","08/05/2008","[Comentários](http://sar.anac.gov.br/Regulamentacao/MPHDetail.asp?MPHNum=260&MPHRev=004&MPHTipo=MPH)","[Arquivo](http://sar.anac.gov.br/FDH/MPR/Textos/MPH-260-004-P.pdf)"
"MPH-500-004","4","Aprovação de Produtos Aeronáuticos, exceto Aeronaves, Motores Aeronáuticos e Hélices","15/08/2008","[Comentários](http://sar.anac.gov.br/Regulamentacao/MPHDetail.asp?MPHNum=500&MPHRev=004&MPHTipo=MPH)","[Arquivo](http://sar.anac.gov.br/FDH/MPR/Textos/MPH-500-004-P.pdf)"
"MPH-810-002","2","Aprovação de Manuais de Vôo","22/12/2008","[Comentários](http://sar.anac.gov.br/Regulamentacao/MPHDetail.asp?MPHNum=810&MPHRev=002&MPHTipo=MPH)","[Arquivo](http://sar.anac.gov.br/FDH/MPR/Textos/MPH-810-002-P.pdf)"
"MPH-830-001","1","Análise e Gerenciamento de Riscos nos Vôos de Certificação","15/08/2008","[Comentários](http://sar.anac.gov.br/Regulamentacao/MPHDetail.asp?MPHNum=830&MPHRev=001&MPHTipo=MPH)","[Arquivo](http://sar.anac.gov.br/FDH/MPR/Textos/MPH-830-001-P.pdf)"
"MPR-0031","--","Procedimento para Análise de MEL no âmbito da SPO e da SAR","28/10/2015","[Comentários](http://sar.anac.gov.br/Regulamentacao/MPHDetail.asp?MPHNum=0031&MPHRev=-&MPHTipo=MPR)","[Arquivo](http://sar.anac.gov.br/FDH/MPR/Textos/MPR-0031-P.pdf)"
"MPR-010-002","2","Procedimentos de Apuração de Denúncias, Coordenação entre SAR e SFI","13/12/2017","[Comentários](http://sar.anac.gov.br/Regulamentacao/MPHDetail.asp?MPHNum=010&MPHRev=002&MPHTipo=MPR)","[Arquivo](http://sar.anac.gov.br/FDH/MPR/Textos/MPR-010-002-P.pdf)"
"MPR-030-001","1","Gestão da Qualidade Interna","27/05/2010","[Comentários](http://sar.anac.gov.br/Regulamentacao/MPHDetail.asp?MPHNum=030&MPHRev=001&MPHTipo=MPR)","[Arquivo](http://sar.anac.gov.br/FDH/MPR/Textos/MPR-030-001-P.pdf)"
"MPR-041-001","1","Comunicação entre SAR/SPO para os Processos Relacionados à Cert. de Produto e Avaliação Operacional","21/07/2017","[Comentários](http://sar.anac.gov.br/Regulamentacao/MPHDetail.asp?MPHNum=041&MPHRev=001&MPHTipo=MPR)","[Arquivo](http://sar.anac.gov.br/FDH/MPR/Textos/MPR-041-001-P.pdf)"
"MPR-050-001","1","Procedimentos para determinação de recursos humanos na Superintendência de Aeronavegabilidade","27/05/2010","[Comentários](http://sar.anac.gov.br/Regulamentacao/MPHDetail.asp?MPHNum=050&MPHRev=001&MPHTipo=MPR)","[Arquivo](http://sar.anac.gov.br/FDH/MPR/Textos/MPR-050-001-P.pdf)"
"MPR-101-006","6","Certificação de Projeto de Produto Aeronáutico","28/05/2024","[Comentários](http://sar.anac.gov.br/Regulamentacao/MPHDetail.asp?MPHNum=101&MPHRev=006&MPHTipo=MPR)","[Arquivo](https://www.anac.gov.br/assuntos/legislacao/legislacao-1/boletim-de-pessoal/2024/bps-v-19-no-22-27-a-29-05-2024/portaria-14651/@@display-file/bps_anexo/MPR-101-R06.pdf)"
"MPR-102-002","2","Aprovação Suplementar de Tipo","01/05/2023","[Comentários](http://sar.anac.gov.br/Regulamentacao/MPHDetail.asp?MPHNum=102&MPHRev=002&MPHTipo=MPR)","[Arquivo](http://sar.anac.gov.br/FDH/MPR/Textos/MPR-102-002-P.pdf)"
"MPR-103-001","1","Atividades de Engenharia na Certificação de Produto Aeronáutico","24/01/2020","[Comentários](http://sar.anac.gov.br/Regulamentacao/MPHDetail.asp?MPHNum=103&MPHRev=001&MPHTipo=MPR)","[Arquivo](http://sar.anac.gov.br/FDH/MPR/Textos/MPR-103-001-P.pdf)"
"MPR-108","--","AUTORIZAÇÃO DE SISTEMA DE CONTENÇÃO PARA PNAE","11/04/2024","[Comentários](http://sar.anac.gov.br/Regulamentacao/MPHDetail.asp?MPHNum=108&MPHRev=-&MPHTipo=MPR)","[Arquivo](https://www.anac.gov.br/assuntos/legislacao/legislacao-1/portarias/2024/portaria-14333/@@display-file/anexo_norma/MPR-SAR-108-R00-AUTORIZACAO-DE-SISTEMA-DE-CONTENCAO-PARA-PNAE.pdf)"
"MPR-111","--","INSPEÇÃO DE CONFORMIDADE DE PRODUTOS AERONÁUTICOS","09/09/2024","[Comentários](http://sar.anac.gov.br/Regulamentacao/MPHDetail.asp?MPHNum=111&MPHRev=-&MPHTipo=MPR)","[Arquivo](http://sar.anac.gov.br/FDH/MPR/Textos/MPR-111-P.pdf)"
"MPR-120.002","--","Procedimento de Fiscalização do Cumprimento do RBAC 120","16/05/2013","[Comentários](http://sar.anac.gov.br/Regulamentacao/MPHDetail.asp?MPHNum=120.002&MPHRev=-&MPHTipo=MPR)","[Arquivo](http://sar.anac.gov.br/FDH/MPR/Textos/MPR-120.002-P.pdf)"
"MPR-121-001","1","Certificação de Organização de Produção","22/10/2021","[Comentários](http://sar.anac.gov.br/Regulamentacao/MPHDetail.asp?MPHNum=121&MPHRev=001&MPHTipo=MPR)","[Arquivo](http://sar.anac.gov.br/FDH/MPR/Textos/MPR-121-001-P.pdf)"
"MPR-122-001","1","Laboratório de Inflamabilidade","16/04/2020","[Comentários](http://sar.anac.gov.br/Regulamentacao/MPHDetail.asp?MPHNum=122&MPHRev=001&MPHTipo=MPR)","[Arquivo](http://sar.anac.gov.br/FDH/MPR/Textos/MPR-122-001-P.pdf)"
"MPR-125","--","APROVAÇÃO DE PRODUTOS AERONÁUTICOS, EXCETO AERONAVES, MOTORES AERONÁUTICOS E HÉLICES","03/03/2023","[Comentários](http://sar.anac.gov.br/Regulamentacao/MPHDetail.asp?MPHNum=125&MPHRev=-&MPHTipo=MPR)","[Arquivo](http://sar.anac.gov.br/FDH/MPR/Textos/MPR-125-P.pdf)"
"MPR-131-001","1","CERTIFICAÇÃO DE AERONAVEGABILIDADE - CERTIFICADOS ESPECIAIS","01/12/2020","[Comentários](http://sar.anac.gov.br/Regulamentacao/MPHDetail.asp?MPHNum=131&MPHRev=001&MPHTipo=MPR)","[Arquivo](http://sar.anac.gov.br/FDH/MPR/Textos/MPR-131-001-P.pdf)"
"MPR-141-003","3","Análise de Manuais de Organizações de Manutenção Aeronáutica","31/03/2020","[Comentários](http://sar.anac.gov.br/Regulamentacao/MPHDetail.asp?MPHNum=141&MPHRev=003&MPHTipo=MPR)","[Arquivo](http://sar.anac.gov.br/FDH/MPR/Textos/MPR-141-003-P.pdf)"
"MPR-160","00","CERTIFICAÇÃO DE ORGANIZAÇÃO DE PROJETO","23/03/2024","[Comentario](http://sar.anac.gov.br/Regulamentacao/MPHDetail.asp?MPHNum=160&MPHRev=-&MPHTipo=MPR)","[Arquivo](http://sar.anac.gov.br/FDH/MPR/Textos/MPR-160-P.pdfR)"
"MPR-181-002","2","Análise e Processamento de Demandas ao RAB","21/08/2020","[Comentários](http://sar.anac.gov.br/Regulamentacao/MPHDetail.asp?MPHNum=181&MPHRev=002&MPHTipo=MPR)","[Arquivo](http://sar.anac.gov.br/FDH/MPR/Textos/MPR-181-002-P.pdf)"
"MPR-201-001","1","Aeronavegabilidade Continuada de Produto","20/06/2022","[Comentários](http://sar.anac.gov.br/Regulamentacao/MPHDetail.asp?MPHNum=201&MPHRev=001&MPHTipo=MPR)","[Arquivo](http://sar.anac.gov.br/FDH/MPR/Textos/MPR-201-001-P.pdf)"
"MPR-221-001","1","Vigilância Continuada de Organização de Produção","26/10/2021","[Comentários](http://sar.anac.gov.br/Regulamentacao/MPHDetail.asp?MPHNum=221&MPHRev=001&MPHTipo=MPR)","[Arquivo](http://sar.anac.gov.br/FDH/MPR/Textos/MPR-221-001-P.pdf)"
"MPR-243","--","Avaliação de Segurança e Potencial de Risco na GGAC","14/07/2017","[Comentários](http://sar.anac.gov.br/Regulamentacao/MPHDetail.asp?MPHNum=243&MPHRev=-&MPHTipo=MPR)","[Arquivo](http://sar.anac.gov.br/FDH/MPR/Textos/MPR-243-P.pdf)"
"MPR-244-003","3","Vigilância Continuada de Empresas de Transporte Aéreo","17/04/2020","[Comentários](http://sar.anac.gov.br/Regulamentacao/MPHDetail.asp?MPHNum=244&MPHRev=003&MPHTipo=MPR)","[Arquivo](http://sar.anac.gov.br/FDH/MPR/Textos/MPR-244-003-P.pdf)"
"MPR-245-005","5","Vigilância Continuada de Produto Aeronáutico Certificado","04/03/2020","[Comentários](http://sar.anac.gov.br/Regulamentacao/MPHDetail.asp?MPHNum=245&MPHRev=005&MPHTipo=MPR)","[Arquivo](http://sar.anac.gov.br/FDH/MPR/Textos/MPR-245-005-P.pdf)"
"MPR-270-001","1","Aprovação de Limitações Operacionais e de Aeronavegabilidade","02/07/2010","[Comentários](http://sar.anac.gov.br/Regulamentacao/MPHDetail.asp?MPHNum=270&MPHRev=001&MPHTipo=MPR)","[Arquivo](http://sar.anac.gov.br/FDH/MPR/Textos/MPR-270-001-P.pdf)"
"MPR-280-001","1","Certificação de Ruído de Projetos de Tipo de Aeronaves","23/12/2010","[Comentários](http://sar.anac.gov.br/Regulamentacao/MPHDetail.asp?MPHNum=280&MPHRev=001&MPHTipo=MPR)","[Arquivo](http://sar.anac.gov.br/FDH/MPR/Textos/MPR-280-001-P.pdf)"
"MPR-301-006","6","Processo Normativo na SAR","31/03/2023","[Comentários](http://sar.anac.gov.br/Regulamentacao/MPHDetail.asp?MPHNum=301&MPHRev=006&MPHTipo=MPR)","[Arquivo](http://sar.anac.gov.br/FDH/MPR/Textos/MPR-301-006-P.pdf)"
"MPR-302","--","Análise de Isenção de Requisito e Meio Alternativo na GGAC","09/06/2017","[Comentários](http://sar.anac.gov.br/Regulamentacao/MPHDetail.asp?MPHNum=302&MPHRev=-&MPHTipo=MPR)","[Arquivo](http://sar.anac.gov.br/FDH/MPR/Textos/MPR-302-P.pdf)"
"MPR-401-001","1","GESTÃO DO DESENVOLVIMENTO DE PESSOAS EM AERONAVEGABILIDADE","03/12/2021","[Comentários](http://sar.anac.gov.br/Regulamentacao/MPHDetail.asp?MPHNum=401&MPHRev=001&MPHTipo=MPR)","[Arquivo](http://sar.anac.gov.br/FDH/MPR/Textos/MPR-401-001-P.pdf)"
"MPR-405","--","INTEGRAÇÃO E ATUALIZAÇÃO DE PROCEDIMENTOS DAS ÁREAS DE CERTIFICAÇÃO DA SAR","20/02/2024","[Comentários](http://sar.anac.gov.br/Regulamentacao/MPHDetail.asp?MPHNum=405&MPHRev=-&MPHTipo=MPR)","[Arquivo](http://sar.anac.gov.br/FDH/MPR/Textos/MPR-405-P.pdf)"
"MPR-421","5","GESTÃO DE PROCESSOS E DE SISTEMAS NA SAR","27/08/2021","[Comentários](http://sar.anac.gov.br/Regulamentacao/MPHDetail.asp?MPHNum=421&MPHRev=005&MPHTipo=MPR)","[Arquivo](http://sar.anac.gov.br/FDH/MPR/Textos/MPR-421-005-P.pdf)"
"MPR-422-001","1","Planejamento e Acompanhamento de Atividades da SAR","23/06/2023","[Comentários](http://sar.anac.gov.br/Regulamentacao/MPHDetail.asp?MPHNum=422&MPHRev=001&MPHTipo=MPR)","[Arquivo](http://sar.anac.gov.br/FDH/MPR/Textos/MPR-422-001-P.pdf)"
"MPR-423-002","2","Gestão Orçamentária na SAR","25/06/2020","[Comentários](http://sar.anac.gov.br/Regulamentacao/MPHDetail.asp?MPHNum=423&MPHRev=002&MPHTipo=MPR)","[Arquivo](http://sar.anac.gov.br/FDH/MPR/Textos/MPR-423-002-P.pdf)"
"MPR-424","--","Disponibilização de Informações da SAR","19/04/2017","[Comentários](http://sar.anac.gov.br/Regulamentacao/MPHDetail.asp?MPHNum=424&MPHRev=-&MPHTipo=MPR)","[Arquivo](http://sar.anac.gov.br/FDH/MPR/Textos/MPR-424-P.pdf)"
"MPR-425","--","Gestão de Projetos na SAR","09/07/2022","[Comentários](http://sar.anac.gov.br/Regulamentacao/MPHDetail.asp?MPHNum=425&MPHRev=-&MPHTipo=MPR)","[Arquivo](http://sar.anac.gov.br/FDH/MPR/Textos/MPR-425-P.pdf)"
"MPR-441-002","2","Credenciamento de Pessoas Físicas na SAR","14/04/2021","[Comentários](http://sar.anac.gov.br/Regulamentacao/MPHDetail.asp?MPHNum=441&MPHRev=002&MPHTipo=MPR)","[Arquivo](http://sar.anac.gov.br/FDH/MPR/Textos/MPR-441-002-P.pdf)"
"MPR-442","1","SUPERVISÃO DE PROFISSIONAL CREDENCIADO - PCP, PCF E PCA","05/07/2024","[Comentários](http://sar.anac.gov.br/Regulamentacao/MPHDetail.asp?MPHNum=442&MPHRev=002&MPHTipo=MPR)","[Arquivo](https://www.anac.gov.br/assuntos/legislacao/legislacao-1/boletim-de-pessoal/2024/bps-v-19-no-27-01-a-05-07-2024/portaria-14903/@@display-file/bps_anexo/MPR-442-R01.pdf)"
"MPR-451","--","Processo Administrativo Sancionador na SAR","13/10/2016","[Comentários](http://sar.anac.gov.br/Regulamentacao/MPHDetail.asp?MPHNum=451&MPHRev=-&MPHTipo=MPR)","[Arquivo](http://sar.anac.gov.br/FDH/MPR/Textos/MPR-451-P.pdf)"
"MPR-461-002","2","Serviço Externo da SAR","25/06/2020","[Comentários](http://sar.anac.gov.br/Regulamentacao/MPHDetail.asp?MPHNum=461&MPHRev=002&MPHTipo=MPR)","[Arquivo](http://sar.anac.gov.br/FDH/MPR/Textos/MPR-461-002-P.pdf)"
"MPR-462-002","2","Gestão de Ocorrências Aeronáuticas na SAR","16/10/2020","[Comentários](http://sar.anac.gov.br/Regulamentacao/MPHDetail.asp?MPHNum=462&MPHRev=002&MPHTipo=MPR)","[Arquivo](http://sar.anac.gov.br/FDH/MPR/Textos/MPR-462-002-P.pdf)"
"MPR-501-003","3","Acordos e Relacionamento com a ICAO","20/06/2023","[Comentários](http://sar.anac.gov.br/Regulamentacao/MPHDetail.asp?MPHNum=501&MPHRev=003&MPHTipo=MPR)","[Arquivo](http://sar.anac.gov.br/FDH/MPR/Textos/MPR-501-003-P.pdf)"
"MPR-502-003","3","Tratamento de Manifestações Externas na SAR","21/09/2020","[Comentários](http://sar.anac.gov.br/Regulamentacao/MPHDetail.asp?MPHNum=502&MPHRev=003&MPHTipo=MPR)","[Arquivo](http://sar.anac.gov.br/FDH/MPR/Textos/MPR-502-003-P.pdf)"
"MPR-503","--","Ações de Orientação Técnica em Aeronavegabilidade","19/05/2017","[Comentários](http://sar.anac.gov.br/Regulamentacao/MPHDetail.asp?MPHNum=503&MPHRev=-&MPHTipo=MPR)","[Arquivo](http://sar.anac.gov.br/FDH/MPR/Textos/MPR-503-P.pdf)"
"MPR-504","--","Tratamento de Demandas Especiais na SAR","24/04/2017","[Comentários](http://sar.anac.gov.br/Regulamentacao/MPHDetail.asp?MPHNum=504&MPHRev=-&MPHTipo=MPR)","[Arquivo](http://sar.anac.gov.br/FDH/MPR/Textos/MPR-504-P.pdf)"
"MPR-505","--","Tratamento de Demandas Técnicas na GCVC","19/05/2017","[Comentários](http://sar.anac.gov.br/Regulamentacao/MPHDetail.asp?MPHNum=505&MPHRev=-&MPHTipo=MPR)","[Arquivo](http://sar.anac.gov.br/FDH/MPR/Textos/MPR-505-P.pdf)"
"MPR-900.01-001","1","Manual do Inspetor, Volume 1 - Informações e Orientações Gerais aos Inspetores.","08/07/2010","[Comentários](http://sar.anac.gov.br/Regulamentacao/MPHDetail.asp?MPHNum=900.01&MPHRev=001&MPHTipo=MPR)","[Arquivo](http://sar.anac.gov.br/FDH/MPR/Textos/MPR-900.01-001-P.pdf)"
"MPR-900.04-005","5","Manual do Inspetor, Volume 4 - Equipamentos de Aeronave e Autorizações Operacionais","26/04/2013","[Comentários](http://sar.anac.gov.br/Regulamentacao/MPHDetail.asp?MPHNum=900.04&MPHRev=005&MPHTipo=MPR)","[Arquivo](http://sar.anac.gov.br/FDH/MPR/Textos/MPR-900.04-005-P.pdf)"
"MPR-900.06-004","4","Manual do Inspetor, Volume 6 - Fiscalização","03/02/2011","[Comentários](http://sar.anac.gov.br/Regulamentacao/MPHDetail.asp?MPHNum=900.06&MPHRev=004&MPHTipo=MPR)","[Arquivo](http://sar.anac.gov.br/FDH/MPR/Textos/MPR-900.06-004-P.pdf)"
"MPR-900.15","--","Manual do Inspetor volume 15 - Avaliação de Segurança","27/12/2013","[Comentários](http://sar.anac.gov.br/Regulamentacao/MPHDetail.asp?MPHNum=900.15&MPHRev=-&MPHTipo=MPR)","[Arquivo](http://sar.anac.gov.br/FDH/MPR/Textos/MPR-900.15-P.pdf)"
"","","","","",""
"## ITD","","","","",""
"Documento","Revisão","Descrição","Emissão","Comentários (Intranet SAR)","Arquivos (Intranet SAR)"
"---",":---:","---","---","---","---"
"ITD-101-01-002","2","Tramitação e emissão final de Certificados de Tipo – CT, Certificado Suplementar de Tipo - CST, F-4","14/04/2023","[Comentários](http://sar.anac.gov.br/Regulamentacao/ITDDetail.asp?ITDNum=101-01&ITDRev=002&ITDTipo=ITD)","[Arquivo](http://sar.anac.gov.br/FDH/MPR/Textos/ITD-101-01-002-P.pdf)"
"ITD-101-02-004","4","Base de Certificação e Controle de Assuntos Relevantes","22/03/2022","[Comentários](http://sar.anac.gov.br/Regulamentacao/ITDDetail.asp?ITDNum=101-02&ITDRev=004&ITDTipo=ITD)","[Arquivo](http://sar.anac.gov.br/FDH/MPR/Textos/ITD-101-02-004-P.pdf)"
"ITD-101-03-006","6","Metodologia para definição de Nível de Envolvimento na atividade de verificação de cumprimento com","16/11/2023","[Comentários](http://sar.anac.gov.br/Regulamentacao/ITDDetail.asp?ITDNum=101-03&ITDRev=006&ITDTipo=ITD)","[Arquivo](http://sar.anac.gov.br/FDH/MPR/Textos/ITD-101-03-006-P.pdf)"
"ITD-101-04-002","2","Elaboração da Folha de Especificação.","19/04/2021","[Comentários](http://sar.anac.gov.br/Regulamentacao/ITDDetail.asp?ITDNum=101-04&ITDRev=002&ITDTipo=ITD)","[Arquivo](http://sar.anac.gov.br/FDH/MPR/Textos/ITD-101-04-002-P.pdf)"
"ITD-101-05-004","4","Aprovação de Grande Modificação por Emenda ao CT.","25/01/2022","[Comentários](http://sar.anac.gov.br/Regulamentacao/ITDDetail.asp?ITDNum=101-05&ITDRev=004&ITDTipo=ITD)","[Arquivo](http://sar.anac.gov.br/FDH/MPR/Textos/ITD-101-05-004-P.pdf)"
"ITD-101-06-002","2","Escolha do tipo de validação de Certificado de Tipo.","17/12/2021","[Comentários](http://sar.anac.gov.br/Regulamentacao/ITDDetail.asp?ITDNum=101-06&ITDRev=002&ITDTipo=ITD)","[Arquivo](http://sar.anac.gov.br/FDH/MPR/Textos/ITD-101-06-002-P.pdf)"
"ITD-101-07-004","4","Validação de Certificado de Tipo de aeronaves importadas (Relatório H.10 e 'Work Plan')","21/06/2022","[Comentários](http://sar.anac.gov.br/Regulamentacao/ITDDetail.asp?ITDNum=101-07&ITDRev=004&ITDTipo=ITD)","[Arquivo](http://sar.anac.gov.br/FDH/MPR/Textos/ITD-101-07-004-P.pdf)"
"ITD-101-08-005","5","Instrução de trabalho para Análise e Elaboração de Planos de Certificação.","23/04/2021","[Comentários](http://sar.anac.gov.br/Regulamentacao/ITDDetail.asp?ITDNum=101-08&ITDRev=005&ITDTipo=ITD)","[Arquivo](http://sar.anac.gov.br/FDH/MPR/Textos/ITD-101-08-005-P.pdf)"
"ITD-101-09-004","4","Instruções de Preparação e Emissão da Autorização de Inspeção de Tipo.","24/11/2023","[Comentários](http://sar.anac.gov.br/Regulamentacao/ITDDetail.asp?ITDNum=101-09&ITDRev=004&ITDTipo=ITD)","[Arquivo](http://sar.anac.gov.br/FDH/MPR/Textos/ITD-101-09-004-P.pdf)"
"ITD-101-11-002","2","Tratamento de conflitos técnicos entre requerente e ANAC.","22/12/2020","[Comentários](http://sar.anac.gov.br/Regulamentacao/ITDDetail.asp?ITDNum=101-11&ITDRev=002&ITDTipo=ITD)","[Arquivo](http://sar.anac.gov.br/FDH/MPR/Textos/ITD-101-11-002-P.pdf)"
"ITD-101-12-001","1","Manual do Engenheiro de Certificação de Tipo.","25/08/2022","[Comentários](http://sar.anac.gov.br/Regulamentacao/ITDDetail.asp?ITDNum=101-12&ITDRev=001&ITDTipo=ITD)","[Arquivo](http://sar.anac.gov.br/FDH/MPR/Textos/ITD-101-12-001-P.doc)"
"ITD-101-13-001","1","Atuação dos servidores da GCPP em Grupos de Trabalho.","02/09/2024","[Comentários](http://sar.anac.gov.br/Regulamentacao/ITDDetail.asp?ITDNum=101-13&ITDRev=001&ITDTipo=ITD)","[Arquivo](http://sar.anac.gov.br/FDH/MPR/Textos/ITD-101-13-001-P.pdf)"
"ITD-102-01-004","4","Escolha do tipo de validação de Certificado Suplementar de Tipo.","16/11/2023","[Comentários](http://sar.anac.gov.br/Regulamentacao/ITDDetail.asp?ITDNum=102-01&ITDRev=004&ITDTipo=ITD)","[Arquivo](http://sar.anac.gov.br/FDH/MPR/Textos/ITD-102-01-004-P.pdf)"
"ITD-121-01-002","2","Auditoria no Sistema de Organização da Produção.","13/10/2021","[Comentários](http://sar.anac.gov.br/Regulamentacao/ITDDetail.asp?ITDNum=121-01&ITDRev=002&ITDTipo=ITD)","[Arquivo](http://sar.anac.gov.br/FDH/MPR/Textos/ITD-121-01-002-P.pdf)"
"ITD-121-03-001","1","TFAC aplicáveis às atividades de competência da GTCO","14/12/2023","[Comentários](http://sar.anac.gov.br/Regulamentacao/ITDDetail.asp?ITDNum=121-03&ITDRev=001&ITDTipo=ITD)","[Arquivo](http://sar.anac.gov.br/FDH/MPR/Textos/ITD-121-03-001-P.pdf)"
"ITD-121-04-001","1","Certificar organização de produção.","14/12/2023","[Comentários](http://sar.anac.gov.br/Regulamentacao/ITDDetail.asp?ITDNum=121-04&ITDRev=001&ITDTipo=ITD)","[Arquivo](http://sar.anac.gov.br/FDH/MPR/Textos/ITD-121-04-001-P.pdf)"
"ITD-121-05-001","1","Certificar organização de produção.","14/12/2023","[Comentários](http://sar.anac.gov.br/Regulamentacao/ITDDetail.asp?ITDNum=121-05&ITDRev=001&ITDTipo=ITD)","[Arquivo](http://sar.anac.gov.br/FDH/MPR/Textos/ITD-121-05-001-P.pdf)"
"ITD-131-01-003","3","Procedimento para a emissão do CA padrão norte-americano para aeronaves novas fabricadas no Brasil","21/12/2023","[Comentários](http://sar.anac.gov.br/Regulamentacao/ITDDetail.asp?ITDNum=131-01&ITDRev=003&ITDTipo=ITD)","[Arquivo](http://sar.anac.gov.br/FDH/MPR/Textos/ITD-131-01-003-P.pdf)"
"ITD-181-01-003","3","Análise de Processos de Matrícula junto ao Registro Aeronáutico Brasileiro.","02/08/2019","[Comentários](http://sar.anac.gov.br/Regulamentacao/ITDDetail.asp?ITDNum=181-01&ITDRev=003&ITDTipo=ITD)","[Arquivo](http://sar.anac.gov.br/FDH/MPR/Textos/ITD-181-01-003-P.pdf)"
"ITD-181-02-003","3","Análise de processo de transferência de propriedade junto ao Registro Aeronáutico Brasileiro.","03/07/2019","[Comentários](http://sar.anac.gov.br/Regulamentacao/ITDDetail.asp?ITDNum=181-02&ITDRev=003&ITDTipo=ITD)","[Arquivo](http://sar.anac.gov.br/FDH/MPR/Textos/ITD-181-02-003-P.pdf)"
"ITD-201-01","--","Manual do Analista de Aeronavegabilidade Continuada","20/06/2022","[Comentários](http://sar.anac.gov.br/Regulamentacao/ITDDetail.asp?ITDNum=201-01&ITDRev=-&ITDTipo=ITD)","[Arquivo](http://sar.anac.gov.br/FDH/MPR/Textos/ITD-201-01-P.pdf)"
"ITD-221-01-003","3","Acompanhamento da tratativa de Quality Escapes comunicados à ANAC.","26/12/2023","[Comentários](http://sar.anac.gov.br/Regulamentacao/ITDDetail.asp?ITDNum=221-01&ITDRev=003&ITDTipo=ITD)","[Arquivo](http://sar.anac.gov.br/FDH/MPR/Textos/ITD-221-01-003-P.pdf)"
"ITD-441-01-001","1","Guia para Supervisão do Profissional Credenciado em Projeto.","01/12/2023","[Comentários](http://sar.anac.gov.br/Regulamentacao/ITDDetail.asp?ITDNum=441-01&ITDRev=001&ITDTipo=ITD)","[Arquivo](http://sar.anac.gov.br/FDH/MPR/Textos/ITD-441-01-001-P.pdf)"
"ITD-441-03-001","1","Inst. p/ emissão de par. téc. p/ o cred., renov. e descred. de prof. cred. em aeronav. do grupo D.","04/12/2023","[Comentários](http://sar.anac.gov.br/Regulamentacao/ITDDetail.asp?ITDNum=441-03&ITDRev=001&ITDTipo=ITD)","[Arquivo](http://sar.anac.gov.br/FDH/MPR/Textos/ITD-441-03-001-P.pdf)"
"ITD-441-04-001","1","Inst. p/ emissão de parecer téc. p/ o cred., renov. e descred. de prof. cred. em aeronav. do grp E.","04/12/2023","[Comentários](http://sar.anac.gov.br/Regulamentacao/ITDDetail.asp?ITDNum=441-04&ITDRev=001&ITDTipo=ITD)","[Arquivo](http://sar.anac.gov.br/FDH/MPR/Textos/ITD-441-04-001-P.pdf)"
"ITD-442-01-002","2","Supervisão de Profissionais Credenciados no Âmbito da GTCO","27/11/2023","[Comentários](http://sar.anac.gov.br/Regulamentacao/ITDDetail.asp?ITDNum=442-01&ITDRev=002&ITDTipo=ITD)","[Arquivo](http://sar.anac.gov.br/FDH/MPR/Textos/ITD-442-01-002-P.pdf)"
"ITD-442-02","03","Guia para Supervisão de Profissional Credenciado em Projeto","09/10/2024","[Comentários](http://sar.anac.gov.br/Regulamentacao/ITDDetail.asp?ITDNum=442-02&ITDRev=003&ITDTipo=ITD)","[Arquivo](https://sei.anac.gov.br/sei/modulos/pesquisa/md_pesq_documento_consulta_externa.php?d-qBlq_KF4_2fdKMgucKGw2SOOsdRDgKOTtYkpTOQj2w2KVA6nWsRcQmMp0A7JuqusPk46Eiqys1sGvJGIBfyyAhT_TcrCVFcJUJHomLA3FTQoJoELzdyfr7tUZ_9O2H)"
"ITD-462-01-001","1","Proc. de BROA emitidos pela ASIPAER, e de RSO emitidas pelo CENIPA.","13/01/2021","[Comentários](http://sar.anac.gov.br/Regulamentacao/ITDDetail.asp?ITDNum=462-01&ITDRev=001&ITDTipo=ITD)","[Arquivo](http://sar.anac.gov.br/FDH/MPR/Textos/ITD-462-01-001-P.pdf)"
"ITD-462-02-001","1","Perecimento de Aeronaves.","01/07/2019","[Comentários](http://sar.anac.gov.br/Regulamentacao/ITDDetail.asp?ITDNum=462-02&ITDRev=001&ITDTipo=ITD)","[Arquivo](http://sar.anac.gov.br/FDH/MPR/Textos/ITD-462-02-001-P.pdf)"
"","","","","",""
"## Formulários e outros artefatos","","","","",""
"Documento","Revisão","Descrição","Emissão","Comentários (Intranet SAR)","Arquivos (Intranet SAR)"
"---",":---:","---","---","---","---"
"F-020-02","-","Folha de Acompanhamento de Processo Normativo","abr/15","[Comentários](http://sar.anac.gov.br/Regulamentacao/FormDetail.asp?Form=020-02&Rev=/)","[Arquivo](http://sar.anac.gov.br/fdh/form/textos/F-020-02.doc)"
"F-040-01B","-","CAPACITAÇÃO EM SERVIÇO - VISTORIA AERONAVE RBHA/RBAC 91","out/11","[Comentários](http://sar.anac.gov.br/Regulamentacao/FormDetail.asp?Form=040-01&Rev=B)","[Arquivo](http://sar.anac.gov.br/fdh/form/textos/F-040-01B.doc)"
"F-040-02B","-","CAPACITAÇÃO EM SERVIÇO - VISTORIA AERONAVE RBAC 135","out/11","[Comentários](http://sar.anac.gov.br/Regulamentacao/FormDetail.asp?Form=040-02&Rev=B)","[Arquivo](http://sar.anac.gov.br/fdh/form/textos/F-040-02B.doc)"
"F-040-03B","-","CAPACITAÇÃO EM SERVIÇO - AUDITORIA EMPRESA RBAC 135","out/11","[Comentários](http://sar.anac.gov.br/Regulamentacao/FormDetail.asp?Form=040-03&Rev=B)","[Arquivo](http://sar.anac.gov.br/fdh/form/textos/F-040-03B.doc)"
"F-040-04B","-","CAPACITAÇÃO EM SERVIÇO - VISTORIA AERONAVE RBAC 121","out/11","[Comentários](http://sar.anac.gov.br/Regulamentacao/FormDetail.asp?Form=040-04&Rev=B)","[Arquivo](http://sar.anac.gov.br/fdh/form/textos/F-040-04B.doc)"
"F-040-05B","-","CAPACITAÇÃO EM SERVIÇO - AUDITORIA EMPRESA RBAC 121","out/11","[Comentários](http://sar.anac.gov.br/Regulamentacao/FormDetail.asp?Form=040-05&Rev=B)","[Arquivo](http://sar.anac.gov.br/fdh/form/textos/F-040-05B.doc)"
"F-040-06B","-","CAPACITAÇÃO EM SERVIÇO - AUDITORIA EMPRESA RBHA/RBAC 145","out/11","[Comentários](http://sar.anac.gov.br/Regulamentacao/FormDetail.asp?Form=040-06&Rev=B)","[Arquivo](http://sar.anac.gov.br/fdh/form/textos/F-040-06B.doc)"
"F-040-07C","-","CAPACITAÇÃO EM SERVIÇO - INSPEÇÃO DE RAMPA","out/11","[Comentários](http://sar.anac.gov.br/Regulamentacao/FormDetail.asp?Form=040-07&Rev=C)","[Arquivo](http://sar.anac.gov.br/fdh/form/textos/F-040-07C.doc)"
"F-040-08C","-","CAPACITAÇÃO EM SERVIÇO - INSPEÇÃO EM VOO DE AVALIAÇÃO OPERACIONAL","out/11","[Comentários](http://sar.anac.gov.br/Regulamentacao/FormDetail.asp?Form=040-08&Rev=C)","[Arquivo](http://sar.anac.gov.br/fdh/form/textos/F-040-08C.doc)"
"F-040-09A","-","CAPACITAÇÃO EM SERVIÇO - AUDITORIA EMPRESA RBAC 21","out/11","[Comentários](http://sar.anac.gov.br/Regulamentacao/FormDetail.asp?Form=040-09&Rev=A)","[Arquivo](http://sar.anac.gov.br/fdh/form/textos/F-040-09A.doc)"
"F-040-10A","-","CAPACITAÇÃO EM SERVIÇO - VISTORIA AERONAVE AEV","out/11","[Comentários](http://sar.anac.gov.br/Regulamentacao/FormDetail.asp?Form=040-10&Rev=A)","[Arquivo](http://sar.anac.gov.br/fdh/form/textos/F-040-10A.doc)"
"F-040-11A","-","CAPACITAÇÃO EM SERVIÇO - VISTORIA AERONAVE CAARF","out/11","[Comentários](http://sar.anac.gov.br/Regulamentacao/FormDetail.asp?Form=040-11&Rev=A)","[Arquivo](http://sar.anac.gov.br/fdh/form/textos/F-040-11A.doc)"
"F-040-12A","-","CAPACITAÇÃO EM SERVIÇO - VISTORIA AERONAVE CAE","out/11","[Comentários](http://sar.anac.gov.br/Regulamentacao/FormDetail.asp?Form=040-12&Rev=A)","[Arquivo](http://sar.anac.gov.br/fdh/form/textos/F-040-12A.doc)"
"F-040-13A","-","CAPACITAÇÃO EM SERVIÇO - VISTORIA AERONAVE CAVE","out/11","[Comentários](http://sar.anac.gov.br/Regulamentacao/FormDetail.asp?Form=040-13&Rev=A)","[Arquivo](http://sar.anac.gov.br/fdh/form/textos/F-040-13A.doc)"
"F-040-14A","-","CAPACITAÇÃO EM SERVIÇO - VISTORIA AERONAVE FLIGHT STANDARD","out/11","[Comentários](http://sar.anac.gov.br/Regulamentacao/FormDetail.asp?Form=040-14&Rev=A)","[Arquivo](http://sar.anac.gov.br/fdh/form/textos/F-040-14A.doc)"
"F-040-15","-","CAPACITAÇÃO EM SERVIÇO - VISTORIA AERONAVE LEVE ESPORTIVA","out/11","[Comentários](http://sar.anac.gov.br/Regulamentacao/FormDetail.asp?Form=040-15&Rev=/)","[Arquivo](http://sar.anac.gov.br/fdh/form/textos/F-040-15.docx)"
"F-040-16","-","Termo de Recebimento/Devolução de Indentificação INSPAC","ago/13","[Comentários](http://sar.anac.gov.br/Regulamentacao/FormDetail.asp?Form=040-16&Rev=/)","[Arquivo](http://sar.anac.gov.br/fdh/form/textos/F-040-16.docx)"
"F-043-01","-","Relato de Suspeita de Peça Não Conforme","mai/09","[Comentários](http://sar.anac.gov.br/Regulamentacao/FormDetail.asp?Form=043-01&Rev=/)","[Arquivo](http://sar.anac.gov.br/fdh/form/textos/F-043-01.doc)"
"F-100-01C","-","Certificado de Liberação Autorizada/Etiqueta de Aprovação de Aeronavegabilidade","out/16","[Comentários](http://sar.anac.gov.br/Regulamentacao/FormDetail.asp?Form=100-01&Rev=C)","[Arquivo](http://sar.anac.gov.br/fdh/form/textos/F-100-01C.doc)"
"F-100-03N","-","Certificado de Autorização de Voo Experimental","jun/12","[Comentários](http://sar.anac.gov.br/Regulamentacao/FormDetail.asp?Form=100-03&Rev=N)","[Arquivo](http://sar.anac.gov.br/fdh/form/textos/F-100-03N.doc)"
"F-100-05L","-","Certificado de Aeronavegabilidade para Aeronaves Recém Fabricadas","abr/11","[Comentários](http://sar.anac.gov.br/Regulamentacao/FormDetail.asp?Form=100-05&Rev=L)","[Arquivo](http://sar.anac.gov.br/fdh/form/textos/F-100-05L.doc)"
"F-100-06K","-","Requerimento para Emissão de Certificado de Aeronavegabilidade","jan/23","[Comentários](http://sar.anac.gov.br/Regulamentacao/FormDetail.asp?Form=100-06&Rev=K)","[Arquivo](http://sar.anac.gov.br/fdh/form/textos/F-100-06K.doc)"
"F-100-12M","-","Certificado de Aeronavegabilidade para Exportação","abr/11","[Comentários](http://sar.anac.gov.br/Regulamentacao/FormDetail.asp?Form=100-12&Rev=M)","[Arquivo](http://sar.anac.gov.br/fdh/form/textos/F-100-12M.doc)"
"F-100-15B","-","Ficha de Controle de Pendências","mai/06","[Comentários](http://sar.anac.gov.br/Regulamentacao/FormDetail.asp?Form=100-15&Rev=B)","[Arquivo](http://sar.anac.gov.br/fdh/form/textos/F-100-15B.doc)"
"F-100-16F","-","Proposta de Modificação de Documentos Técnicos","abr/10","[Comentários](http://sar.anac.gov.br/Regulamentacao/FormDetail.asp?Form=100-16&Rev=F)","[Arquivo](http://sar.anac.gov.br/fdh/form/textos/F-100-16F.doc)"
"F-100-20C","-","Proposta de Interpretação e Política","out/11","[Comentários](http://sar.anac.gov.br/Regulamentacao/FormDetail.asp?Form=100-20&Rev=C)","[Arquivo](http://sar.anac.gov.br/fdh/form/textos/F-100-20C.docx)"
"F-100-21H","-","Termo de Deliberação","abr/10","[Comentários](http://sar.anac.gov.br/Regulamentacao/FormDetail.asp?Form=100-21&Rev=H)","[Arquivo](http://sar.anac.gov.br/fdh/form/textos/F-100-21H.doc)"
"F-100-25F","-","Autorização Especial de Voo","jan/15","[Comentários](http://sar.anac.gov.br/Regulamentacao/FormDetail.asp?Form=100-25&Rev=F)","[Arquivo](http://sar.anac.gov.br/fdh/form/textos/F-100-25F.doc)"
"F-100-26A","-","Avaliação de Prática de Novos Inspetores (Classe I)","abr/10","[Comentários](http://sar.anac.gov.br/Regulamentacao/FormDetail.asp?Form=100-26&Rev=A)","[Arquivo](http://sar.anac.gov.br/fdh/form/textos/F-100-26A.doc)"
"F-100-27A","-","Avaliação de Prática de Novos Inspetores (Classe II e III)","abr/10","[Comentários](http://sar.anac.gov.br/Regulamentacao/FormDetail.asp?Form=100-27&Rev=A)","[Arquivo](http://sar.anac.gov.br/fdh/form/textos/F-100-27A.doc)"
"F-100-28","-","Comentários do INSPAC Avaliador, GI e GGCP","mai/06","[Comentários](http://sar.anac.gov.br/Regulamentacao/FormDetail.asp?Form=100-28&Rev=/)","[Arquivo](http://sar.anac.gov.br/fdh/form/textos/F-100-28.doc)"
"F-100-29A","-","FICHA SEGUIDORA PARA EMISSÃO DO US STANDARD CofA","jan/14","[Comentários](http://sar.anac.gov.br/Regulamentacao/FormDetail.asp?Form=100-29&Rev=A)","[Arquivo](http://sar.anac.gov.br/fdh/form/textos/F-100-29A.doc)"
"F-100-32A","-","Certificado de Aeronavegabilidade - 60 dias","abr/10","[Comentários](http://sar.anac.gov.br/Regulamentacao/FormDetail.asp?Form=100-32&Rev=A)","[Arquivo](http://sar.anac.gov.br/fdh/form/textos/F-100-32A.doc)"
"F-100-36_2A","-","Resumo de Não Conformidades para Auditoria em Empresa","mai/18","[Comentários](http://sar.anac.gov.br/Regulamentacao/FormDetail.asp?Form=100-36_2&Rev=A)","[Arquivo](http://sar.anac.gov.br/fdh/form/textos/F-100-36_2A.doc)"
"F-100-41","-","Padronização para Registro de Vistoria em Caderneta - Modelo Fax","abr/09","[Comentários](http://sar.anac.gov.br/Regulamentacao/FormDetail.asp?Form=100-41&Rev=/)","[Arquivo](http://sar.anac.gov.br/fdh/form/textos/F-100-41.doc)"
"F-100-42","-","Padronização para Registro de Vistoria em Caderneta - GGCP","abr/09","[Comentários](http://sar.anac.gov.br/Regulamentacao/FormDetail.asp?Form=100-42&Rev=/)","[Arquivo](http://sar.anac.gov.br/fdh/form/textos/F-100-42.doc)"
"F-100-49","-","Lista de Verificação de Aeronavegabilidade para inclusão de aeronave na EO","jun/12","[Comentários](http://sar.anac.gov.br/Regulamentacao/FormDetail.asp?Form=100-49&Rev=/)","[Arquivo](http://sar.anac.gov.br/fdh/form/textos/F-100-49.doc)"
"F-100-50B","-","Solicitação de enquadramento de aeronave experimental e leve esportiva","out/15","[Comentários](http://sar.anac.gov.br/Regulamentacao/FormDetail.asp?Form=100-50&Rev=B)","[Arquivo](http://sar.anac.gov.br/fdh/form/textos/F-100-50B.doc)"
"F-100-72","-","Acompanhamento de Representante Credenciado em VTI","fev/10","[Comentários](http://sar.anac.gov.br/Regulamentacao/FormDetail.asp?Form=100-72&Rev=/)","[Arquivo](http://sar.anac.gov.br/fdh/form/textos/F-100-72.doc)"
"F-100-73B","-","Lista de verificações para emissão de CAVE - GTCO","set/22","[Comentários](http://sar.anac.gov.br/Regulamentacao/FormDetail.asp?Form=100-73&Rev=B)","[Arquivo](http://sar.anac.gov.br/fdh/form/textos/F-100-73B.doc)"
"F-100-74A","-","Lista de verificações para emissão de AEV - GTCO","set/22","[Comentários](http://sar.anac.gov.br/Regulamentacao/FormDetail.asp?Form=100-74&Rev=A)","[Arquivo](http://sar.anac.gov.br/fdh/form/textos/F-100-74A.doc)"
"F-100-75C","-","Lista de verificações para emissão de CAE - GGCP","fev/23","[Comentários](http://sar.anac.gov.br/Regulamentacao/FormDetail.asp?Form=100-75&Rev=C)","[Arquivo](http://sar.anac.gov.br/fdh/form/textos/F-100-75C.doc)"
"F-100-79C","-","Declaração de Cumprimento - Aeronave Leve Esportiva","fev/14","[Comentários](http://sar.anac.gov.br/Regulamentacao/FormDetail.asp?Form=100-79&Rev=C)","[Arquivo](http://sar.anac.gov.br/fdh/form/textos/F-100-79C.doc)"
"F-100-80","-","Cadastro de Modelo de Aeronave Leve Esportiva","mai/11","[Comentários](http://sar.anac.gov.br/Regulamentacao/FormDetail.asp?Form=100-80&Rev=/)","[Arquivo](http://sar.anac.gov.br/fdh/form/textos/F-100-80.doc)"
"F-100-81_1","-","Lista de Verificação de Montagem e Fabricação - Aeronave de Asa Fixa","abr/24","[Comentários](http://sar.anac.gov.br/Regulamentacao/FormDetail.asp?Form=100-81_1&Rev=/)","[Arquivo](http://sar.anac.gov.br/fdh/form/textos/F-100-81_1.doc)"
"F-100-82_1B","-","Verificação de Aeronavegabilidade - Asa Fixa - Experimental","set/20","[Comentários](http://sar.anac.gov.br/Regulamentacao/FormDetail.asp?Form=100-82_1&Rev=B)","[Arquivo](http://sar.anac.gov.br/fdh/form/textos/F-100-82_1B.doc)"
"F-100-82_2B","-","Verificação de Aeronavegabilidade - Helicópteros - Experimental","ago/20","[Comentários](http://sar.anac.gov.br/Regulamentacao/FormDetail.asp?Form=100-82_2&Rev=B)","[Arquivo](http://sar.anac.gov.br/fdh/form/textos/F-100-82_2B.doc)"
"F-100-82_3B","-","Verificação de Aeronavegabilidade - Balões de Ar Quente - Experimental","ago/20","[Comentários](http://sar.anac.gov.br/Regulamentacao/FormDetail.asp?Form=100-82_3&Rev=B)","[Arquivo](http://sar.anac.gov.br/fdh/form/textos/F-100-82_3B.doc)"
"F-100-82_4B","-","Verificação de Aeronavegabilidade - Dirigíveis - Experimental","ago/20","[Comentários](http://sar.anac.gov.br/Regulamentacao/FormDetail.asp?Form=100-82_4&Rev=B)","[Arquivo](http://sar.anac.gov.br/fdh/form/textos/F-100-82_4B.doc)"
"F-100-82_5B","-","Verificação de Aeronavegabilidade - Girocópteros - Experimental","ago/20","[Comentários](http://sar.anac.gov.br/Regulamentacao/FormDetail.asp?Form=100-82_5&Rev=B)","[Arquivo](http://sar.anac.gov.br/fdh/form/textos/F-100-82_5B.doc)"
"F-100-82_6B","-","Certificado de Verificação de Aeronavegabilidade - Experimental","ago/20","[Comentários](http://sar.anac.gov.br/Regulamentacao/FormDetail.asp?Form=100-82_6&Rev=B)","[Arquivo](http://sar.anac.gov.br/fdh/form/textos/F-100-82_6B.doc)"
"F-100-85B","-","Vistoria inicial de aeronave experimental e leve esportiva","out/15","[Comentários](http://sar.anac.gov.br/Regulamentacao/FormDetail.asp?Form=100-85&Rev=B)","[Arquivo](http://sar.anac.gov.br/fdh/form/textos/F-100-85B.doc)"
"F-100-88","-","Recadastramento para a Emissão do CAVE","mar/13","[Comentários](http://sar.anac.gov.br/Regulamentacao/FormDetail.asp?Form=100-88&Rev=/)","[Arquivo](http://sar.anac.gov.br/fdh/form/textos/F-100-88.doc)"
"F-100-90","-","DOCUMENTOS PARA EMISSÃO DO FLIGHT STANDARD","jan/14","[Comentários](http://sar.anac.gov.br/Regulamentacao/FormDetail.asp?Form=100-90&Rev=/)","[Arquivo](http://sar.anac.gov.br/fdh/form/textos/F-100-90.doc)"
"F-100-91","-","CHECK LIST PARA EMISSÃO DO FLIGHT STANDARD","jan/14","[Comentários](http://sar.anac.gov.br/Regulamentacao/FormDetail.asp?Form=100-91&Rev=/)","[Arquivo](http://sar.anac.gov.br/fdh/form/textos/F-100-91.doc)"
"F-100-92A","-","Solicitação de Alteração de Tipo de Voo (RBHA/RBAC 91)","abr/18","[Comentários](http://sar.anac.gov.br/Regulamentacao/FormDetail.asp?Form=100-92&Rev=A)","[Arquivo](http://sar.anac.gov.br/fdh/form/textos/F-100-92A.doc)"
"F-100-94","-","Atestado de conclusão de aeronave de construção amadora","out/15","[Comentários](http://sar.anac.gov.br/Regulamentacao/FormDetail.asp?Form=100-94&Rev=/)","[Arquivo](http://sar.anac.gov.br/fdh/form/textos/F-100-94.doc)"
"F-100-95A","-","Declaração de construção amadora","abr/24","[Comentários](http://sar.anac.gov.br/Regulamentacao/FormDetail.asp?Form=100-95&Rev=A)","[Arquivo](http://sar.anac.gov.br/fdh/form/textos/F-100-95A.doc)"
"F-100-96","-","Declaração de Inspeção Anual de Manutenção (DIAM)","nov/15","[Comentários](http://sar.anac.gov.br/Regulamentacao/FormDetail.asp?Form=100-96&Rev=/)","[Arquivo](http://sar.anac.gov.br/fdh/form/textos/F-100-96.doc)"
"F-100-960","-","Análise de DIAM para Operadores RBAC 137 (DIAM RBAC137)","nov/16","[Comentários](http://sar.anac.gov.br/Regulamentacao/FormDetail.asp?Form=100-960&Rev=/)","[Arquivo](http://sar.anac.gov.br/fdh/form/textos/F-100-960.doc)"
"F-100-961","-","Análise de DIAM para Escolas (RBHA 141) e Aeroclubes (RBHA 140) (DIAM Esc/Aer)","nov/16","[Comentários](http://sar.anac.gov.br/Regulamentacao/FormDetail.asp?Form=100-961&Rev=/)","[Arquivo](http://sar.anac.gov.br/fdh/form/textos/F-100-961.doc)"
"F-100-962","-","Análise de DIAM para operadores Parapúblicos (DIAM Públ.)","nov/16","[Comentários](http://sar.anac.gov.br/Regulamentacao/FormDetail.asp?Form=100-962&Rev=/)","[Arquivo](http://sar.anac.gov.br/fdh/form/textos/F-100-962.doc)"
"F-100-98C","-","Autorização para Voo Noturno e/ou IFR de Aeronave Experimental","out/22","[Comentários](http://sar.anac.gov.br/Regulamentacao/FormDetail.asp?Form=100-98&Rev=C)","[Arquivo](http://sar.anac.gov.br/fdh/form/textos/F-100-98C.doc)"
"F-100-99","-","Lista de verificações completa para emissão de CAER","mai/18","[Comentários](http://sar.anac.gov.br/Regulamentacao/FormDetail.asp?Form=100-99&Rev=/)","[Arquivo](http://sar.anac.gov.br/fdh/form/textos/F-100-99.doc)"
"F-100-991","-","Lista de verificação para emissão de CAER Classe 3","jun/19","[Comentários](http://sar.anac.gov.br/Regulamentacao/FormDetail.asp?Form=100-991&Rev=/)","[Arquivo](http://sar.anac.gov.br/fdh/form/textos/F-100-991.doc)"
"F-101-01","-","RELATÓRIO DE TESTEMUNHO DE ENSAIO","abr/22","[Comentários](http://sar.anac.gov.br/Regulamentacao/FormDetail.asp?Form=101-01&Rev=/)","[Arquivo](http://sar.anac.gov.br/fdh/form/textos/F-101-01.doc)"
"F-101-06","-","Relatório, Laudo ou Parecer de Avaliação de Cumprimento com os RBAC","abr/23","[Comentários](http://sar.anac.gov.br/Regulamentacao/FormDetail.asp?Form=101-06&Rev=/)","[Arquivo](http://sar.anac.gov.br/fdh/form/textos/F-101-06.docx)"
"F-101-11A","-","Requerimento para Serviço de Certificação","mar/23","[Comentários](http://sar.anac.gov.br/Regulamentacao/FormDetail.asp?Form=101-11&Rev=A)","[Arquivo](http://sar.anac.gov.br/fdh/form/textos/F-101-11A.docx)"
"F-101-12","-","Ficha de Controle de Assuntos Relevantes (FCAR)","out/22","[Comentários](http://sar.anac.gov.br/Regulamentacao/FormDetail.asp?Form=101-12&Rev=/)","[Arquivo](http://sar.anac.gov.br/fdh/form/textos/F-101-12.docx)"
"F-101-14B","-","Pedido de Conformidade","04/10/2024","[Comentários](http://sar.anac.gov.br/Regulamentacao/FormDetail.asp?Form=101-14&Rev=B)","[Arquivo](http://sar.anac.gov.br/fdh/form/textos/F-101-14B.docx)"
"F-101-16A","-","Folha de Análise de Documento","out/22","[Comentários](http://sar.anac.gov.br/Regulamentacao/FormDetail.asp?Form=101-16&Rev=A)","[Arquivo](http://sar.anac.gov.br/fdh/form/textos/F-101-16A.docx)"
"F-101-18","-","Análise do Plano de Modificação de Projeto de Tipo","out/22","[Comentários](http://sar.anac.gov.br/Regulamentacao/FormDetail.asp?Form=101-18&Rev=/)","[Arquivo](http://sar.anac.gov.br/fdh/form/textos/F-101-18.pdf)"
"F-101-21","-","Termo de Conclusão (TD)","mar/23","[Comentários](http://sar.anac.gov.br/Regulamentacao/FormDetail.asp?Form=101-21&Rev=/)","[Arquivo](http://sar.anac.gov.br/fdh/form/textos/F-101-21.docx)"
"F-101-31","-","Solicitação de Aprovação de Dados Técnicos de Grande Reparo","mar/24","[Comentários](http://sar.anac.gov.br/Regulamentacao/FormDetail.asp?Form=101-31&Rev=/)","[Arquivo](http://sar.anac.gov.br/fdh/form/textos/F-101-31.docx)"
"F-101-32A","-","Lista de Verificação de Cumprimento","mar/24","[Comentários](http://sar.anac.gov.br/Regulamentacao/FormDetail.asp?Form=101-32&Rev=A)","[Arquivo](http://sar.anac.gov.br/fdh/form/textos/F-101-32A.docx)"
"F-101-50","-","PEDIDO DE MODIFICAÇÃO DE PROJETO AUTORIZADO DE RPAS","set/20","[Comentários](http://sar.anac.gov.br/Regulamentacao/FormDetail.asp?Form=101-50&Rev=/)","[Arquivo](http://sar.anac.gov.br/fdh/form/textos/F-101-50.doc)"
"F-101-60","-","PEDIDO DE AUTORIZAÇÃO DE PROJETO DE RPAS","fev/22","[Comentários](http://sar.anac.gov.br/Regulamentacao/FormDetail.asp?Form=101-60&Rev=/)","[Arquivo](http://sar.anac.gov.br/fdh/form/textos/F-101-60.docx)"
"F-109","-","Lista de verificação para emissão de CAER Clase 3","jun/19","[Comentários](http://sar.anac.gov.br/Regulamentacao/FormDetail.asp?Form=109&Rev=/)","[Arquivo](http://sar.anac.gov.br/fdh/form/textos/F-109.doc)"
"F-110-01","-","ORDEM DE INSTRUÇÃO RC - VISTORIA ANV - CAVE RBHA/RBAC 91","abr/11","[Comentários](http://sar.anac.gov.br/Regulamentacao/FormDetail.asp?Form=110-01&Rev=/)","[Arquivo](http://sar.anac.gov.br/fdh/form/textos/F-110-01.docx)"
"F-110-02","-","ORDEM DE INSTRUÇÃO RC - VISTORIA ANV - AEV RBHA/RBAC 91","abr/11","[Comentários](http://sar.anac.gov.br/Regulamentacao/FormDetail.asp?Form=110-02&Rev=/)","[Arquivo](http://sar.anac.gov.br/fdh/form/textos/F-110-02.docx)"
"F-110-03","-","ORDEM DE INSTRUÇÃO RC - VISTORIA ANV – CAARF RBHA/RBAC 91","abr/11","[Comentários](http://sar.anac.gov.br/Regulamentacao/FormDetail.asp?Form=110-03&Rev=/)","[Arquivo](http://sar.anac.gov.br/fdh/form/textos/F-110-03.docx)"
"F-110-04A","-","ORDEM DE INSTRUÇÃO – VISTORIA DE AERONAVE (RBAC 91)","jun/21","[Comentários](http://sar.anac.gov.br/Regulamentacao/FormDetail.asp?Form=110-04&Rev=A)","[Arquivo](http://sar.anac.gov.br/fdh/form/textos/F-110-04A.docx)"
"F-110-05A","-","ORDEM DE INSTRUÇÃO – VISTORIA DE AERONAVE (RBAC 135)","mai/21","[Comentários](http://sar.anac.gov.br/Regulamentacao/FormDetail.asp?Form=110-05&Rev=A)","[Arquivo](http://sar.anac.gov.br/fdh/form/textos/F-110-05A.docx)"
"F-110-06A","-","ORDEM DE INSTRUÇÃO – VISTORIA DE AERONAVE (RBAC 121)","mai/21","[Comentários](http://sar.anac.gov.br/Regulamentacao/FormDetail.asp?Form=110-06&Rev=A)","[Arquivo](http://sar.anac.gov.br/fdh/form/textos/F-110-06A.docx)"
"F-110-07","-","Formulário básico para monitoramento de atividade de RCE","out/11","[Comentários](http://sar.anac.gov.br/Regulamentacao/FormDetail.asp?Form=110-07&Rev=/)","[Arquivo](http://sar.anac.gov.br/fdh/form/textos/F-110-07.doc)"
"F-110-09A","-","Interação PCP/ANAC","mar/12","[Comentários](http://sar.anac.gov.br/Regulamentacao/FormDetail.asp?Form=110-09&Rev=A)","[Arquivo](http://sar.anac.gov.br/fdh/form/textos/F-110-09A.doc)"
"F-110-10","-","Relatório de Atividades do Profissional Credenciado em Fabricação","dez/11","[Comentários](http://sar.anac.gov.br/Regulamentacao/FormDetail.asp?Form=110-10&Rev=/)","[Arquivo](http://sar.anac.gov.br/fdh/form/textos/F-110-10.doc)"
"F-110-15","-","Diploma de Credenciamento","mai/12","[Comentários](http://sar.anac.gov.br/Regulamentacao/FormDetail.asp?Form=110-15&Rev=/)","[Arquivo](http://sar.anac.gov.br/fdh/form/textos/F-110-15.doc)"
"F-110-16","-","Certificado de Autorização (Uma carteira)","mai/12","[Comentários](http://sar.anac.gov.br/Regulamentacao/FormDetail.asp?Form=110-16&Rev=/)","[Arquivo](http://sar.anac.gov.br/fdh/form/textos/F-110-16.doc)"
"F-110-17","-","Ordem de Instrução - CAE - RBAC 21","abr/14","[Comentários](http://sar.anac.gov.br/Regulamentacao/FormDetail.asp?Form=110-17&Rev=/)","[Arquivo](http://sar.anac.gov.br/fdh/form/textos/F-110-17.doc)"
"F-110-18","-","Registro do Processo de Credenciamento","abr/14","[Comentários](http://sar.anac.gov.br/Regulamentacao/FormDetail.asp?Form=110-18&Rev=/)","[Arquivo](http://sar.anac.gov.br/fdh/form/textos/F-110-18.doc)"
"F-110-19","-","Parecer da Comissão de Avaliação","abr/14","[Comentários](http://sar.anac.gov.br/Regulamentacao/FormDetail.asp?Form=110-19&Rev=/)","[Arquivo](http://sar.anac.gov.br/fdh/form/textos/F-110-19.doc)"
"F-110-20","-","Parecer da Comissão de Apelação","abr/14","[Comentários](http://sar.anac.gov.br/Regulamentacao/FormDetail.asp?Form=110-20&Rev=/)","[Arquivo](http://sar.anac.gov.br/fdh/form/textos/F-110-20.doc)"
"F-110-21","-","Análise de Reconsideração","abr/14","[Comentários](http://sar.anac.gov.br/Regulamentacao/FormDetail.asp?Form=110-21&Rev=/)","[Arquivo](http://sar.anac.gov.br/fdh/form/textos/F-110-21.doc)"
"F-121-01","-","Plano de Auditoria","nov/21","[Comentários](http://sar.anac.gov.br/Regulamentacao/FormDetail.asp?Form=121-01&Rev=/)","[Arquivo](http://sar.anac.gov.br/fdh/form/textos/F-121-01.doc)"
"F-121-02","-","Registro de presença","nov/21","[Comentários](http://sar.anac.gov.br/Regulamentacao/FormDetail.asp?Form=121-02&Rev=/)","[Arquivo](http://sar.anac.gov.br/fdh/form/textos/F-121-02.doc)"
"F-121-03","-","Registro de pessoas contratadas","nov/21","[Comentários](http://sar.anac.gov.br/Regulamentacao/FormDetail.asp?Form=121-03&Rev=/)","[Arquivo](http://sar.anac.gov.br/fdh/form/textos/F-121-03.doc)"
"F-121-04","-","Relatório de Auditoria","nov/21","[Comentários](http://sar.anac.gov.br/Regulamentacao/FormDetail.asp?Form=121-04&Rev=/)","[Arquivo](http://sar.anac.gov.br/fdh/form/textos/F-121-04.doc)"
"F-121-05","-","CERTIFICADO DE ORGANIZAÇÃO DE PRODUÇÃO (F-121-05)","nov/21","[Comentários](http://sar.anac.gov.br/Regulamentacao/FormDetail.asp?Form=121-05&Rev=/)","[Arquivo](http://sar.anac.gov.br/fdh/form/textos/F-121-05.pdf)"
"F-121-06","-","REGISTRO DE LIMITAÇÕES DE PRODUÇÃO (F-121-06)","nov/21","[Comentários](http://sar.anac.gov.br/Regulamentacao/FormDetail.asp?Form=121-06&Rev=/)","[Arquivo](http://sar.anac.gov.br/fdh/form/textos/F-121-06.pdf)"
"F-121-07","-","Acompanhamento do plano de certificação","nov/21","[Comentários](http://sar.anac.gov.br/Regulamentacao/FormDetail.asp?Form=121-07&Rev=/)","[Arquivo](http://sar.anac.gov.br/fdh/form/textos/F-121-07.pdf)"
"F-125-11","-","CERTIFICADO DE PRODUTO AERONÁUTICO APROVADO","set/22","[Comentários](http://sar.anac.gov.br/Regulamentacao/FormDetail.asp?Form=125-11&Rev=/)","[Arquivo](http://sar.anac.gov.br/fdh/form/textos/F-125-11.doc)"
"F-125-12","-","ADENDO AO CERTIFICADO DE PRODUTO AERONÁUTICO APROVADO","set/22","[Comentários](http://sar.anac.gov.br/Regulamentacao/FormDetail.asp?Form=125-12&Rev=/)","[Arquivo](http://sar.anac.gov.br/fdh/form/textos/F-125-12.doc)"
"F-131-01A","-","FICHA SEGUIDORA PARA EMISSÃO DO US STANDARD CofA","out/21","[Comentários](http://sar.anac.gov.br/Regulamentacao/FormDetail.asp?Form=131-01&Rev=A)","[Arquivo](http://sar.anac.gov.br/fdh/form/textos/F-131-01A.doc)"
"F-131-02A","-","REGISTRO DE INSPEÇÃO DE CofA PADRÃO AMERICANO","out/21","[Comentários](http://sar.anac.gov.br/Regulamentacao/FormDetail.asp?Form=131-02&Rev=A)","[Arquivo](http://sar.anac.gov.br/fdh/form/textos/F-131-02A.doc)"
"F-131-03A","-","Aircraft Inspection Checklist","out/21","[Comentários](http://sar.anac.gov.br/Regulamentacao/FormDetail.asp?Form=131-03&Rev=A)","[Arquivo](http://sar.anac.gov.br/fdh/form/textos/F-131-03A.doc)"
"F-131-04A","-","DOCUMENTOS PARA EMISSÃO DO CERTIFICADO DE AERONAVEGABILIDADE PADRÃO NORTE-AMERIC","out/21","[Comentários](http://sar.anac.gov.br/Regulamentacao/FormDetail.asp?Form=131-04&Rev=A)","[Arquivo](http://sar.anac.gov.br/fdh/form/textos/F-131-04A.doc)"
"F-131-05","-","CERTIFICADO DE AERONAVEGABILIDADE PARA AERONAVES RECÉM-FABRICADAS","mar/21","[Comentários](http://sar.anac.gov.br/Regulamentacao/FormDetail.asp?Form=131-05&Rev=/)","[Arquivo](http://sar.anac.gov.br/fdh/form/textos/F-131-05.pdf)"
"F-131-09","-","Lista de verificação para emissão de CAARF (LV CAARF)","jan/21","[Comentários](http://sar.anac.gov.br/Regulamentacao/FormDetail.asp?Form=131-09&Rev=/)","[Arquivo](http://sar.anac.gov.br/fdh/form/textos/F-131-09.docx)"
"F-131-10D","-","Autorização de Atividade de Profissional Credenciado (AAPC)","dez/22","[Comentários](http://sar.anac.gov.br/Regulamentacao/FormDetail.asp?Form=131-10&Rev=D)","[Arquivo](http://sar.anac.gov.br/fdh/form/textos/F-131-10D.pdf)"
"F-132-01B","-","Solicitação de Cave para Sistema de Aeronave Remotamente Pilotada (RPAS) (CAVERPAS)","nov/22","[Comentários](http://sar.anac.gov.br/Regulamentacao/FormDetail.asp?Form=132-01&Rev=B)","[Arquivo](http://sar.anac.gov.br/fdh/form/textos/F-132-01B.doc)"
"F-132-02C","-","Lista de Verificação para CAVE para Sistema de Aeronave Remotamente Pilotada (RP","set/23","[Comentários](http://sar.anac.gov.br/Regulamentacao/FormDetail.asp?Form=132-02&Rev=C)","[Arquivo](http://sar.anac.gov.br/fdh/form/textos/F-132-02C.doc)"
"F-132-10","-","SOLICITAÇÃO DE MUDANÇA DE ENQUADRAMENTO DE ALE EXPERIMENTAL PARA ALE ESPECIAL","out/21","[Comentários](http://sar.anac.gov.br/Regulamentacao/FormDetail.asp?Form=132-10&Rev=/)","[Arquivo](http://sar.anac.gov.br/fdh/form/textos/F-132-10.doc)"
"F-141-01A","-","Encaminhamento de Manuais e Programas de Organização de Manutenção - RBAC 145","mar/21","[Comentários](http://sar.anac.gov.br/Regulamentacao/FormDetail.asp?Form=141-01&Rev=A)","[Arquivo](http://sar.anac.gov.br/fdh/form/textos/F-141-01A.doc)"
"F-141-12","-","RELATÓRIO DE ATIVIDADES DO PCA GRUPOS (A1, A2, B1, B2 e C)","dez/21","[Comentários](http://sar.anac.gov.br/Regulamentacao/FormDetail.asp?Form=141-12&Rev=/)","[Arquivo](http://sar.anac.gov.br/fdh/form/textos/F-141-12.docx)"
"F-142-01","-","Lista de Verificação para Análise de Manual do SASC","jun/18","[Comentários](http://sar.anac.gov.br/Regulamentacao/FormDetail.asp?Form=142-01&Rev=/)","[Arquivo](http://sar.anac.gov.br/fdh/form/textos/F-142-01.doc)"
"F-142-02","-","Lista de Verificação para Análise de Programa de Confiabilidade","jun/18","[Comentários](http://sar.anac.gov.br/Regulamentacao/FormDetail.asp?Form=142-02&Rev=/)","[Arquivo](http://sar.anac.gov.br/fdh/form/textos/F-142-02.doc)"
"F-143-01_2A","-","Declaração de Responsabilidade de Gestor Responsável (GR) de OM - RBAC 145","fev/23","[Comentários](http://sar.anac.gov.br/Regulamentacao/FormDetail.asp?Form=143-01_2&Rev=A)","[Arquivo](http://sar.anac.gov.br/fdh/form/textos/F-143-01_2A.doc)"
"F-143-01C","-","Cadastramento de Gestor Responsável (GR) de Organização de Manutenção","fev/23","[Comentários](http://sar.anac.gov.br/Regulamentacao/FormDetail.asp?Form=143-01&Rev=C)","[Arquivo](http://sar.anac.gov.br/fdh/form/textos/F-143-01C.pdf)"
"F-143-03_2A","-","Declaração de Responsabilidade de Responsável Técnico (RT) de OM - RBAC 145","fev/23","[Comentários](http://sar.anac.gov.br/Regulamentacao/FormDetail.asp?Form=143-03_2&Rev=A)","[Arquivo](http://sar.anac.gov.br/fdh/form/textos/F-143-03_2A.doc)"
"F-143-03K","-","Cadastramento de Responsável Técnico (RT) de Organização de Manutenção","fev/23","[Comentários](http://sar.anac.gov.br/Regulamentacao/FormDetail.asp?Form=143-03&Rev=K)","[Arquivo](http://sar.anac.gov.br/fdh/form/textos/F-143-03K.pdf)"
"F-143-04A","-","Lista de Verificação para Cadastramento de RT de Organização de Manutenção","mar/20","[Comentários](http://sar.anac.gov.br/Regulamentacao/FormDetail.asp?Form=143-04&Rev=A)","[Arquivo](http://sar.anac.gov.br/fdh/form/textos/F-143-04A.doc)"
"F-143-05B","-","Solicitação de Inclusão de Serviço em EO de Organização de Manutenção - RBAC 145","jun/21","[Comentários](http://sar.anac.gov.br/Regulamentacao/FormDetail.asp?Form=143-05&Rev=B)","[Arquivo](http://sar.anac.gov.br/fdh/form/textos/F-143-05B.docx)"
"F-143-07C","-","Solicitação de Certificação Inicial de OM Doméstica - RBAC 145","fev/23","[Comentários](http://sar.anac.gov.br/Regulamentacao/FormDetail.asp?Form=143-07&Rev=C)","[Arquivo](http://sar.anac.gov.br/fdh/form/textos/F-143-07C.pdf)"
"F-143-09C","-","Solicitação de Alteração de Dados de Organização de Manutenção - RBAC 145","jun/21","[Comentários](http://sar.anac.gov.br/Regulamentacao/FormDetail.asp?Form=143-09&Rev=C)","[Arquivo](http://sar.anac.gov.br/fdh/form/textos/F-143-09C.docx)"
"F-143-11","-","Pre-Application Form","mai/24","[Comentários](http://sar.anac.gov.br/Regulamentacao/FormDetail.asp?Form=143-11&Rev=/)","[Arquivo](http://sar.anac.gov.br/fdh/form/textos/F-143-11.docx)"
"F-143-13","-","Application Form","mai/24","[Comentários](http://sar.anac.gov.br/Regulamentacao/FormDetail.asp?Form=143-13&Rev=/)","[Arquivo](http://sar.anac.gov.br/fdh/form/textos/F-143-13.docx)"
"F-143-14B","-","Solicitação de Cadastramento de GSO de OM 145","mar/21","[Comentários](http://sar.anac.gov.br/Regulamentacao/FormDetail.asp?Form=143-14&Rev=B)","[Arquivo](http://sar.anac.gov.br/fdh/form/textos/F-143-14B.doc)"
"F-143-15","-","LV para Cadastramento de Gestor do SGSO de Organização de Mnt Aeronáutica (OM)","nov/19","[Comentários](http://sar.anac.gov.br/Regulamentacao/FormDetail.asp?Form=143-15&Rev=/)","[Arquivo](http://sar.anac.gov.br/fdh/form/textos/F-143-15.doc)"
"F-143-17","-","Aprovação nos termos do Acordo Bilateral de manutenção entre ANAC e CAA","nov/20","[Comentários](http://sar.anac.gov.br/Regulamentacao/FormDetail.asp?Form=143-17&Rev=/)","[Arquivo](http://sar.anac.gov.br/fdh/form/textos/F-143-17.doc)"
"F-143-19","-","Modelo de carta de aprovação FOCA ANAC","nov/20","[Comentários](http://sar.anac.gov.br/Regulamentacao/FormDetail.asp?Form=143-19&Rev=/)","[Arquivo](http://sar.anac.gov.br/fdh/form/textos/F-143-19.doc)"
"F-143-47","-","CERTIFICADO DE ACEITAÇÃO DE ORGANIZAÇÃO DE MANUTENÇÃO (CAOM)","mai/24","[Comentários](http://sar.anac.gov.br/Regulamentacao/FormDetail.asp?Form=143-47&Rev=/)","[Arquivo](http://sar.anac.gov.br/fdh/form/textos/F-143-47.docx)"
"F-145-03B","-","Requerimento para Alteração de Dados do CA de aeronaves com até 19 assentos","mar/22","[Comentários](http://sar.anac.gov.br/Regulamentacao/FormDetail.asp?Form=145-03&Rev=B)","[Arquivo](http://sar.anac.gov.br/fdh/form/textos/F-145-03B.doc)"
"F-145-05","-","Requerimento para Alteração de Dados do CA de Aeronave Operando sob RBAC 121","mar/21","[Comentários](http://sar.anac.gov.br/Regulamentacao/FormDetail.asp?Form=145-05&Rev=/)","[Arquivo](http://sar.anac.gov.br/fdh/form/textos/F-145-05.docx)"
"F-145-11","-","Modelo de Ficha de Cumprimento de Diretriz de Aeronavegabilidade (FCDA)","abr/18","[Comentários](http://sar.anac.gov.br/Regulamentacao/FormDetail.asp?Form=145-11&Rev=/)","[Arquivo](http://sar.anac.gov.br/fdh/form/textos/F-145-11.docx)"
"F-145-12","-","Modelo de Mapa de Situação de Diretrizes de Aeronavegabilidade - Célula","abr/18","[Comentários](http://sar.anac.gov.br/Regulamentacao/FormDetail.asp?Form=145-12&Rev=/)","[Arquivo](http://sar.anac.gov.br/fdh/form/textos/F-145-12.docx)"
"F-145-13","-","Modelo de Mapa de Situação de Diretrizes de Aeronavegabilidade - Motor","abr/18","[Comentários](http://sar.anac.gov.br/Regulamentacao/FormDetail.asp?Form=145-13&Rev=/)","[Arquivo](http://sar.anac.gov.br/fdh/form/textos/F-145-13.docx)"
"F-145-14","-","Modelo de Mapa de Situação de Diretrizes de Aeronavegabilidade - Hélice","abr/18","[Comentários](http://sar.anac.gov.br/Regulamentacao/FormDetail.asp?Form=145-14&Rev=/)","[Arquivo](http://sar.anac.gov.br/fdh/form/textos/F-145-14.docx)"
"F-145-15","-","Modelo de Mapa de Situação de Diretrizes de Aeronavegabilidade - Equipamentos","abr/18","[Comentários](http://sar.anac.gov.br/Regulamentacao/FormDetail.asp?Form=145-15&Rev=/)","[Arquivo](http://sar.anac.gov.br/fdh/form/textos/F-145-15.docx)"
"F-145-18H","-","Lista de Verificação para Vistoria Técnica (LV)","abr/23","[Comentários](http://sar.anac.gov.br/Regulamentacao/FormDetail.asp?Form=145-18&Rev=H)","[Arquivo](http://sar.anac.gov.br/fdh/form/textos/F-145-18H.doc)"
"F-145-19B","-","Padronização para Registro de Vistoria em Caderneta - Etiqueta/Carimbo","mai/22","[Comentários](http://sar.anac.gov.br/Regulamentacao/FormDetail.asp?Form=145-19&Rev=B)","[Arquivo](http://sar.anac.gov.br/fdh/form/textos/F-145-19B.doc)"
"F-145-20","-","Resumo de Não Conformidades - Vistoria Técnica de Aeronave","abr/20","[Comentários](http://sar.anac.gov.br/Regulamentacao/FormDetail.asp?Form=145-20&Rev=/)","[Arquivo](http://sar.anac.gov.br/fdh/form/textos/F-145-20.doc)"
"F-145-21E","-","Laudo de Vistoria de Aeronave","mai/22","[Comentários](http://sar.anac.gov.br/Regulamentacao/FormDetail.asp?Form=145-21&Rev=E)","[Arquivo](http://sar.anac.gov.br/fdh/form/textos/F-145-21E.doc)"
"F-145-22A","-","Notificação de Condição Irregular de Aeronave (NCIA)","mai/22","[Comentários](http://sar.anac.gov.br/Regulamentacao/FormDetail.asp?Form=145-22&Rev=A)","[Arquivo](http://sar.anac.gov.br/fdh/form/textos/F-145-22A.doc)"
"F-145-24C","-","Requerimento de parecer técnico para alteração de categoria para SAE","jun/21","[Comentários](http://sar.anac.gov.br/Regulamentacao/FormDetail.asp?Form=145-24&Rev=C)","[Arquivo](http://sar.anac.gov.br/fdh/form/textos/F-145-24C.doc)"
"F-145-25B","-","Solicitação de Alteração do Tipo de Voo (RBAC 91)","abr/22","[Comentários](http://sar.anac.gov.br/Regulamentacao/FormDetail.asp?Form=145-25&Rev=B)","[Arquivo](http://sar.anac.gov.br/fdh/form/textos/F-145-25B.doc)"
"F-145-26A","-","Laudo Complementar de Vistoria de Aeornave","mai/21","[Comentários](http://sar.anac.gov.br/Regulamentacao/FormDetail.asp?Form=145-26&Rev=A)","[Arquivo](http://sar.anac.gov.br/fdh/form/textos/F-145-26A.doc)"
"F-145-27D","-","Certificado de Verificação de Aeronavegabilidade (CVA)","dez/22","[Comentários](http://sar.anac.gov.br/Regulamentacao/FormDetail.asp?Form=145-27&Rev=D)","[Arquivo](http://sar.anac.gov.br/fdh/form/textos/F-145-27D.doc)"
"F-145-28C","-","Etiqueta de Registro de Verificação de Aeronavegabilidade (CVA)","mar/23","[Comentários](http://sar.anac.gov.br/Regulamentacao/FormDetail.asp?Form=145-28&Rev=C)","[Arquivo](http://sar.anac.gov.br/fdh/form/textos/F-145-28C.docx)"
"F-145-29","-","Pedido de Vistoria de Aeronave","abr/23","[Comentários](http://sar.anac.gov.br/Regulamentacao/FormDetail.asp?Form=145-29&Rev=/)","[Arquivo](http://sar.anac.gov.br/fdh/form/textos/F-145-29.doc)"
"F-175-01","-","PROJETO DE EMBALAGEM PARA O TRANSPORTE AÉREO DE ARTIGOS PERIGOSOS","out/21","[Comentários](http://sar.anac.gov.br/Regulamentacao/FormDetail.asp?Form=175-01&Rev=/)","[Arquivo](http://sar.anac.gov.br/fdh/form/textos/F-175-01.docx)"
"F-181-01","-","Anexo ao Requerimento do RAB de mudança de categoria de registro de aeronave","ago/20","[Comentários](http://sar.anac.gov.br/Regulamentacao/FormDetail.asp?Form=181-01&Rev=/)","[Arquivo](http://sar.anac.gov.br/fdh/form/textos/F-181-01.doc)"
"F-183-08","-","Formulário de Credenciamento/Extensão de PC (Declaração de Qualificações)","nov/17","[Comentários](http://sar.anac.gov.br/Regulamentacao/FormDetail.asp?Form=183-08&Rev=/)","[Arquivo](http://sar.anac.gov.br/fdh/form/textos/F-183-08.doc)"
"F-183-11","-","Relatório de Atividades do PCA","nov/17","[Comentários](http://sar.anac.gov.br/Regulamentacao/FormDetail.asp?Form=183-11&Rev=/)","[Arquivo](http://sar.anac.gov.br/fdh/form/textos/F-183-11.doc)"
"F-200-01_1L","-","Adendo ao Certificado de Tipo (Ad. CT)","mar/11","[Comentários](http://sar.anac.gov.br/Regulamentacao/FormDetail.asp?Form=200-01_1&Rev=L)","[Arquivo](http://sar.anac.gov.br/fdh/form/textos/F-200-01_1L.doc)"
"F-200-01L","-","Certificado de Tipo (CT)","mar/11","[Comentários](http://sar.anac.gov.br/Regulamentacao/FormDetail.asp?Form=200-01&Rev=L)","[Arquivo](http://sar.anac.gov.br/fdh/form/textos/F-200-01L.doc)"
"F-200-02D","-","Autorização para Inspeção de Tipo (AIT)","mai/06","[Comentários](http://sar.anac.gov.br/Regulamentacao/FormDetail.asp?Form=200-02&Rev=D)","[Arquivo](http://sar.anac.gov.br/fdh/form/textos/F-200-02D.doc)"
"F-200-06G","-","Relatório de Verificação de Cumprimento de Requisitos","abr/06","[Comentários](http://sar.anac.gov.br/Regulamentacao/FormDetail.asp?Form=200-06&Rev=G)","[Arquivo](http://sar.anac.gov.br/fdh/form/textos/F-200-06G.doc)"
"F-200-07B","-","Ficha de Modificação ou Deficiência","mai/06","[Comentários](http://sar.anac.gov.br/Regulamentacao/FormDetail.asp?Form=200-07&Rev=B)","[Arquivo](http://sar.anac.gov.br/fdh/form/textos/F-200-07B.doc)"
"F-200-08L","-","Solicitação de Trabalho de Profissionais Credenciados","jun/13","[Comentários](http://sar.anac.gov.br/Regulamentacao/FormDetail.asp?Form=200-08&Rev=L)","[Arquivo](http://sar.anac.gov.br/fdh/form/textos/F-200-08L.doc)"
"F-200-09E","-","Anexo à Autorização de Inspeção de Tipo","mai/06","[Comentários](http://sar.anac.gov.br/Regulamentacao/FormDetail.asp?Form=200-09&Rev=E)","[Arquivo](http://sar.anac.gov.br/fdh/form/textos/F-200-09E.doc)"
"F-200-11G","-","Ficha de Controle de Assuntos Relevantes (FCAR)","mai/11","[Comentários](http://sar.anac.gov.br/Regulamentacao/FormDetail.asp?Form=200-11&Rev=G)","[Arquivo](http://sar.anac.gov.br/fdh/form/textos/F-200-11G.doc)"
"F-200-13A","-","Relatório de Inspeção de Tipo (RIT/TIR)","set/06","[Comentários](http://sar.anac.gov.br/Regulamentacao/FormDetail.asp?Form=200-13&Rev=A)","[Arquivo](http://sar.anac.gov.br/fdh/form/textos/F-200-13A.doc)"
"F-200-14Q","-","Pedido de Conformidade","02/08/2024","[Comentários](http://sar.anac.gov.br/Regulamentacao/FormDetail.asp?Form=200-14&Rev=Q)","[Arquivo](http://sar.anac.gov.br/fdh/form/textos/F-200-14Q.docx)"
"F-200-15J","-","Pedido de Testemunho de Ensaio (PTE)","nov/12","[Comentários](http://sar.anac.gov.br/Regulamentacao/FormDetail.asp?Form=200-15&Rev=J)","[Arquivo](http://sar.anac.gov.br/fdh/form/textos/F-200-15J.doc)"
"F-200-18F","-","Análise do Plano de Modificação de Projeto de Tipo","mar/12","[Comentários](http://sar.anac.gov.br/Regulamentacao/FormDetail.asp?Form=200-18&Rev=F)","[Arquivo](http://sar.anac.gov.br/fdh/form/textos/F-200-18F.docx)"
"F-200-20","-","Registro de Análise de Delegação de Modificação","jan/07","[Comentários](http://sar.anac.gov.br/Regulamentacao/FormDetail.asp?Form=200-20&Rev=/)","[Arquivo](http://sar.anac.gov.br/fdh/form/textos/F-200-20.doc)"
"F-200-22A","-","Audiência Pública","mai/11","[Comentários](http://sar.anac.gov.br/Regulamentacao/FormDetail.asp?Form=200-22&Rev=A)","[Arquivo](http://sar.anac.gov.br/fdh/form/textos/F-200-22A.doc)"
"F-200-25","-","Adesão iBR 2020","nov/14","[Comentários](http://sar.anac.gov.br/Regulamentacao/FormDetail.asp?Form=200-25&Rev=/)","[Arquivo](http://sar.anac.gov.br/fdh/form/textos/F-200-25.doc)"
"F-221-01","-","Avaliação de Periodicidade de Auditorias (F-221-01)","nov/21","[Comentários](http://sar.anac.gov.br/Regulamentacao/FormDetail.asp?Form=221-01&Rev=/)","[Arquivo](http://sar.anac.gov.br/fdh/form/textos/F-221-01.doc)"
"F-242-01A","-","Solicitação de Autorização de Exame de MMA por Examinador Credenciado","jul/19","[Comentários](http://sar.anac.gov.br/Regulamentacao/FormDetail.asp?Form=242-01&Rev=A)","[Arquivo](http://sar.anac.gov.br/fdh/form/textos/F-242-01A.doc)"
"F-245-01C","-","Solicitação para autorização de realização de vistoria de aeronave por PCA","mar/22","[Comentários](http://sar.anac.gov.br/Regulamentacao/FormDetail.asp?Form=245-01&Rev=C)","[Arquivo](http://sar.anac.gov.br/fdh/form/textos/F-245-01C.doc)"
"F-245-10_1A","-","AUTORIZAÇÃO ESPECIAL DE VOO NACIONAL (AEVN) – F-245-10_1","mar/22","[Comentários](http://sar.anac.gov.br/Regulamentacao/FormDetail.asp?Form=245-10_1&Rev=A)","[Arquivo](http://sar.anac.gov.br/fdh/form/textos/F-245-10_1A.docx)"
"F-245-10_2A","-","AUTORIZAÇÃO ESPECIAL DE VOO INTERNACIONAL (AEVI) AERON. NOVAS SAINDO DA FÁBRICA","mar/22","[Comentários](http://sar.anac.gov.br/Regulamentacao/FormDetail.asp?Form=245-10_2&Rev=A)","[Arquivo](http://sar.anac.gov.br/fdh/form/textos/F-245-10_2A.docx)"
"F-245-10_3A","-","AUTORIZAÇÃO ESPECIAL DE VOO INTERNACIONAL (AEVI) (AERONAVES USADAS)","mar/22","[Comentários](http://sar.anac.gov.br/Regulamentacao/FormDetail.asp?Form=245-10_3&Rev=A)","[Arquivo](http://sar.anac.gov.br/fdh/form/textos/F-245-10_3A.docx)"
"F-245-13B","-","Solicitação de Autorização Especial de Voo para operação de aeronave agrícola","mar/22","[Comentários](http://sar.anac.gov.br/Regulamentacao/FormDetail.asp?Form=245-13&Rev=B)","[Arquivo](http://sar.anac.gov.br/fdh/form/textos/F-245-13B.docx)"
"F-300-03K","-","Requerimento para Serviço de Homologação","nov/21","[Comentários](http://sar.anac.gov.br/Regulamentacao/FormDetail.asp?Form=300-03&Rev=K)","[Arquivo](http://sar.anac.gov.br/fdh/form/textos/F-300-03K.doc)"
"F-300-10I","-","Relatório de Inspeção","jul/13","[Comentários](http://sar.anac.gov.br/Regulamentacao/FormDetail.asp?Form=300-10&Rev=I)","[Arquivo](http://sar.anac.gov.br/fdh/form/textos/F-300-10I.doc)"
"F-300-11E","-","Formulário para Serviço de Certificação","fev/22","[Comentários](http://sar.anac.gov.br/Regulamentacao/FormDetail.asp?Form=300-11&Rev=E)","[Arquivo](http://sar.anac.gov.br/fdh/form/textos/F-300-11E.doc)"
"F-300-18H","-","Declaração de Conformidade","fev/15","[Comentários](http://sar.anac.gov.br/Regulamentacao/FormDetail.asp?Form=300-18&Rev=H)","[Arquivo](http://sar.anac.gov.br/fdh/form/textos/F-300-18H.doc)"
"F-300-19F","-","Registro de Inspeção de Conformidade","mai/06","[Comentários](http://sar.anac.gov.br/Regulamentacao/FormDetail.asp?Form=300-19&Rev=F)","[Arquivo](http://sar.anac.gov.br/fdh/form/textos/F-300-19F.doc)"
"F-300-24E","-","Certificado de Organização de Produção (COP)","mar/10","[Comentários](http://sar.anac.gov.br/Regulamentacao/FormDetail.asp?Form=300-24&Rev=E)","[Arquivo](http://sar.anac.gov.br/fdh/form/textos/F-300-24E.doc)"
"F-300-25E","-","Registro de Limitações de Produção (Adendo ao COP) (ACOP)","mar/10","[Comentários](http://sar.anac.gov.br/Regulamentacao/FormDetail.asp?Form=300-25&Rev=E)","[Arquivo](http://sar.anac.gov.br/fdh/form/textos/F-300-25E.doc)"
"F-300-26C","-","Documentos para Homologação de Empresa","ago/09","[Comentários](http://sar.anac.gov.br/Regulamentacao/FormDetail.asp?Form=300-26&Rev=C)","[Arquivo](http://sar.anac.gov.br/fdh/form/textos/F-300-26C.doc)"
"F-300-28_1J","-","Questionário de Avaliação de Sistemas de Organização de Produção","nov/21","[Comentários](http://sar.anac.gov.br/Regulamentacao/FormDetail.asp?Form=300-28_1&Rev=J)","[Arquivo](http://sar.anac.gov.br/fdh/form/textos/F-300-28_1J.doc)"
"F-300-28_2F","-","Lista de Verificação - Sistema de Organização da Produção (Versão em Inglês)","mai/06","[Comentários](http://sar.anac.gov.br/Regulamentacao/FormDetail.asp?Form=300-28_2&Rev=F)","[Arquivo](http://sar.anac.gov.br/fdh/form/textos/F-300-28_2F.doc)"
"F-300-30E","-","Avaliação de Periodicidade de Auditorias","mar/12","[Comentários](http://sar.anac.gov.br/Regulamentacao/FormDetail.asp?Form=300-30&Rev=E)","[Arquivo](http://sar.anac.gov.br/fdh/form/textos/F-300-30E.doc)"
"F-300-31C","-","Relatório de Adequação da Documentação Técnica","ago/09","[Comentários](http://sar.anac.gov.br/Regulamentacao/FormDetail.asp?Form=300-31&Rev=C)","[Arquivo](http://sar.anac.gov.br/fdh/form/textos/F-300-31C.doc)"
"F-300-32D","-","Programa de Auditoria","ago/10","[Comentários](http://sar.anac.gov.br/Regulamentacao/FormDetail.asp?Form=300-32&Rev=D)","[Arquivo](http://sar.anac.gov.br/fdh/form/textos/F-300-32D.doc)"
"F-300-33B","-","Relatório de Não Conformidade","mai/06","[Comentários](http://sar.anac.gov.br/Regulamentacao/FormDetail.asp?Form=300-33&Rev=B)","[Arquivo](http://sar.anac.gov.br/fdh/form/textos/F-300-33B.doc)"
"F-300-34C","-","Registro de Presença","fev/08","[Comentários](http://sar.anac.gov.br/Regulamentacao/FormDetail.asp?Form=300-34&Rev=C)","[Arquivo](http://sar.anac.gov.br/fdh/form/textos/F-300-34C.doc)"
"F-300-36D","-","Relatório Final de Auditoria","mai/06","[Comentários](http://sar.anac.gov.br/Regulamentacao/FormDetail.asp?Form=300-36&Rev=D)","[Arquivo](http://sar.anac.gov.br/fdh/form/textos/F-300-36D.doc)"
"F-300-37B","-","Registro de Pessoas Contatadas","mai/06","[Comentários](http://sar.anac.gov.br/Regulamentacao/FormDetail.asp?Form=300-37&Rev=B)","[Arquivo](http://sar.anac.gov.br/fdh/form/textos/F-300-37B.doc)"
"F-300-38E","-","Relatório de Auditoria","jun/12","[Comentários](http://sar.anac.gov.br/Regulamentacao/FormDetail.asp?Form=300-38&Rev=E)","[Arquivo](http://sar.anac.gov.br/fdh/form/textos/F-300-38E.doc)"
"F-300-39","-","Relatório de Atividades Técnicas do Grupo de Produção e Inspeção","set/10","[Comentários](http://sar.anac.gov.br/Regulamentacao/FormDetail.asp?Form=300-39&Rev=/)","[Arquivo](http://sar.anac.gov.br/fdh/form/textos/F-300-39.doc)"
"F-400-01G","-","Certificado Suplementar de Tipo (CST)","abr/12","[Comentários](http://sar.anac.gov.br/Regulamentacao/FormDetail.asp?Form=400-01&Rev=G)","[Arquivo](http://sar.anac.gov.br/fdh/form/textos/F-400-01G.doc)"
"F-400-03C","-","Grandes Modificações - Aprovação de Dados Técnicos (ADT)","mai/06","[Comentários](http://sar.anac.gov.br/Regulamentacao/FormDetail.asp?Form=400-03&Rev=C)","[Arquivo](http://sar.anac.gov.br/fdh/form/textos/F-400-03C.doc)"
"F-400-04F","-","Registro de Grande Modificação/Reparo-Célula, Motor, Hélice ou Parte Componente (SEGVOO 001)","jul/20","[Comentários](http://sar.anac.gov.br/Regulamentacao/FormDetail.asp?Form=400-04&Rev=F)","[Arquivo](http://sar.anac.gov.br/fdh/form/textos/F-400-04F.doc)"
"F-400-05","-","Ficha de Dados Complementares","mar/12","[Comentários](http://sar.anac.gov.br/Regulamentacao/FormDetail.asp?Form=400-05&Rev=/)","[Arquivo](http://sar.anac.gov.br/fdh/form/textos/F-400-05.doc)"
"F-400-06","-","Ficha de Configuração dos Instrumentos e Equipamentos Instalados na Aeronave","mar/12","[Comentários](http://sar.anac.gov.br/Regulamentacao/FormDetail.asp?Form=400-06&Rev=/)","[Arquivo](http://sar.anac.gov.br/fdh/form/textos/F-400-06.doc)"
"F-441-05","-","RELATÓRIO DE ATIVIDADES DO PROFISSIONAL CREDENCIADO EM AERONAVEGABILIDADE","jun/19","[Comentários](http://sar.anac.gov.br/Regulamentacao/FormDetail.asp?Form=441-05&Rev=/)","[Arquivo](http://sar.anac.gov.br/fdh/form/textos/F-441-05.docx)"
"F-441-07","-","RELATÓRIO DE INTERAÇÃO PCP/ANAC","jun/19","[Comentários](http://sar.anac.gov.br/Regulamentacao/FormDetail.asp?Form=441-07&Rev=/)","[Arquivo](http://sar.anac.gov.br/fdh/form/textos/F-441-07.docx)"
"F-441-09","-","RELATÓRIO DE ATIVIDADES DO PROFISSIONAL CREDENCIADO EM FABRICAÇÃO","jun/19","[Comentários](http://sar.anac.gov.br/Regulamentacao/FormDetail.asp?Form=441-09&Rev=/)","[Arquivo](http://sar.anac.gov.br/fdh/form/textos/F-441-09.docx)"
"F-442-01","-","CHECK LIST PARA MONITORAMENTO DA ATIVIDADE DE PC","jul/22","[Comentários](http://sar.anac.gov.br/Regulamentacao/FormDetail.asp?Form=442-01&Rev=/)","[Arquivo](http://sar.anac.gov.br/fdh/form/textos/F-442-01.doc)"
"F-442-10","-","Formulário de Registro da Atividade de Monitoramento do Profissional Credenciamento em Projeto","27/09/2024","[Comentários](http://sar.anac.gov.br/Regulamentacao/FormDetail.asp?Form=442-10&Rev=A)","[Arquivo](https://sei.anac.gov.br/sei/modulos/pesquisa/md_pesq_documento_consulta_externa.php?d-qBlq_KF4_2fdKMgucKGw2SOOsdRDgKOTtYkpTOQj1CnQtyWlwWQLt9nGO1rWai-mkHyOUP_8MEkii85BdY7UvauPLFCj-xPHWmtN7aUCeB46vFXqJuMFohGs4Zspck)"
"F-442-11","-","Formulário do Plano de Ações Corretivas para Monitoramento do Profissional Credenciamento em Projeto","05/07/2024","[Comentários](http://sar.anac.gov.br/Regulamentacao/FormDetail.asp?Form=442-11&Rev=/)","[Arquivo](https://sei.anac.gov.br/sei/modulos/pesquisa/md_pesq_documento_consulta_externa.php?d-qBlq_KF4_2fdKMgucKGw2SOOsdRDgKOTtYkpTOQj0oc9vmXSWMpMXPX5tE3la3Mc1iUPEZf2v0j7tOKbykTmFyYMT4vjzRbzMBMQU37KFVXkdly5gZ8aS9r26ZW4f4)"
"F-500-01O","-","Atestado de Produto Aeronáutico Aprovado (APAA)","out/11","[Comentários](http://sar.anac.gov.br/Regulamentacao/FormDetail.asp?Form=500-01&Rev=O)","[Arquivo](http://sar.anac.gov.br/fdh/form/textos/F-500-01O.doc)"
"F-500-02J","-","Adendo ao Atestado de Produto Aeronáutico Aprovado (Ad. APAA)","set/06","[Comentários](http://sar.anac.gov.br/Regulamentacao/FormDetail.asp?Form=500-02&Rev=J)","[Arquivo](http://sar.anac.gov.br/fdh/form/textos/F-500-02J.doc)"
"F-500-03A","-","Atestado de Embalagem Aprovada - UN/IATA/ICAO (AEA)","jun/16","[Comentários](http://sar.anac.gov.br/Regulamentacao/FormDetail.asp?Form=500-03&Rev=A)","[Arquivo](http://sar.anac.gov.br/fdh/form/textos/F-500-03A.doc)"
"F-500-04","-","Especificação de Embalagem (EE)","jun/16","[Comentários](http://sar.anac.gov.br/Regulamentacao/FormDetail.asp?Form=500-04&Rev=/)","[Arquivo](http://sar.anac.gov.br/fdh/form/textos/F-500-04.doc)"
"F-600-01E","-","Relatório de Dificuldades em Serviço","mai/06","[Comentários](http://sar.anac.gov.br/Regulamentacao/FormDetail.asp?Form=600-01&Rev=E)","[Arquivo](http://sar.anac.gov.br/fdh/form/textos/F-600-01E.doc)"
"F-600-03B","-","Relaçao de Fabricantes / Operadores com dados Pendentes","mai/06","[Comentários](http://sar.anac.gov.br/Regulamentacao/FormDetail.asp?Form=600-03&Rev=B)","[Arquivo](http://sar.anac.gov.br/fdh/form/textos/F-600-03B.doc)"
"F-600-04B","-","Inquiry Request","mai/06","[Comentários](http://sar.anac.gov.br/Regulamentacao/FormDetail.asp?Form=600-04&Rev=B)","[Arquivo](http://sar.anac.gov.br/fdh/form/textos/F-600-04B.doc)"
"F-800-01G","-","Relatório Técnico para Ensaios","jul/10","[Comentários](http://sar.anac.gov.br/Regulamentacao/FormDetail.asp?Form=800-01&Rev=G)","[Arquivo](http://sar.anac.gov.br/fdh/form/textos/F-800-01G.doc)"
"F-800-03E","-","Relatório de Voo de Certificação","mai/06","[Comentários](http://sar.anac.gov.br/Regulamentacao/FormDetail.asp?Form=800-03&Rev=E)","[Arquivo](http://sar.anac.gov.br/fdh/form/textos/F-800-03E.doc)"
"F-800-04A","-","Ficha de Controle de Trâmite Interno de Análise de Relatório de Engenharia","mai/06","[Comentários](http://sar.anac.gov.br/Regulamentacao/FormDetail.asp?Form=800-04&Rev=A)","[Arquivo](http://sar.anac.gov.br/fdh/form/textos/F-800-04A.doc)"
"F-800-05B","-","Relatório de Voo de Produção","mai/06","[Comentários](http://sar.anac.gov.br/Regulamentacao/FormDetail.asp?Form=800-05&Rev=B)","[Arquivo](http://sar.anac.gov.br/fdh/form/textos/F-800-05B.doc)"
"F-900-02G","-","Diretriz de Aeronavegabilidade (DA)","mar/17","[Comentários](http://sar.anac.gov.br/Regulamentacao/FormDetail.asp?Form=900-02&Rev=G)","[Arquivo](http://sar.anac.gov.br/fdh/form/textos/F-900-02G.doc)"
"F-900-03G","-","Diretriz de Aeronavegabilidade de Emergência (DAE)","mar/17","[Comentários](http://sar.anac.gov.br/Regulamentacao/FormDetail.asp?Form=900-03&Rev=G)","[Arquivo](http://sar.anac.gov.br/fdh/form/textos/F-900-03G.doc)"
"F-900-04G","-","Brazilian Airworthiness Directives (AD)","mar/17","[Comentários](http://sar.anac.gov.br/Regulamentacao/FormDetail.asp?Form=900-04&Rev=G)","[Arquivo](http://sar.anac.gov.br/fdh/form/textos/F-900-04G.doc)"
"F-900-05G","-","Brazilian Emergency Airworthiness Directives (EAD)","mar/17","[Comentários](http://sar.anac.gov.br/Regulamentacao/FormDetail.asp?Form=900-05&Rev=G)","[Arquivo](http://sar.anac.gov.br/fdh/form/textos/F-900-05G.doc)"
"F-900-06F","-","Errata de Diretriz de Aeronavegabilidade (ERRATA DA)","abr/11","[Comentários](http://sar.anac.gov.br/Regulamentacao/FormDetail.asp?Form=900-06&Rev=F)","[Arquivo](http://sar.anac.gov.br/fdh/form/textos/F-900-06F.doc)"
"F-900-07F","-","Brazilian Airworthiness Directive Errata (ERRATA AD)","abr/11","[Comentários](http://sar.anac.gov.br/Regulamentacao/FormDetail.asp?Form=900-07&Rev=F)","[Arquivo](http://sar.anac.gov.br/fdh/form/textos/F-900-07F.doc)"
"F-900-08G","-","Análise de Dificuldades em Serviço / Aprovação de Boletim de Serviço","jun/07","[Comentários](http://sar.anac.gov.br/Regulamentacao/FormDetail.asp?Form=900-08&Rev=G)","[Arquivo](http://sar.anac.gov.br/fdh/form/textos/F-900-08G.doc)"
"F-900-09F","-","Verificação de Diretriz de Aeronavegabilidade","fev/11","[Comentários](http://sar.anac.gov.br/Regulamentacao/FormDetail.asp?Form=900-09&Rev=F)","[Arquivo](http://sar.anac.gov.br/fdh/form/textos/F-900-09F.doc)"
"F-900-10F","-","Reunião para Aprovação do Texto de Diretriz de Aeronavegabilidade","fev/10","[Comentários](http://sar.anac.gov.br/Regulamentacao/FormDetail.asp?Form=900-10&Rev=F)","[Arquivo](http://sar.anac.gov.br/fdh/form/textos/F-900-10F.doc)"
"F-900-11E","-","Notificação de Proposta de Regra - DA (NPR-DA)","mai/09","[Comentários](http://sar.anac.gov.br/Regulamentacao/FormDetail.asp?Form=900-11&Rev=E)","[Arquivo](http://sar.anac.gov.br/fdh/form/textos/F-900-11E.doc)"
"F-900-12E","-","Notice of Proposed Regulation - AD (NPR-AD)","mai/09","[Comentários](http://sar.anac.gov.br/Regulamentacao/FormDetail.asp?Form=900-12&Rev=E)","[Arquivo](http://sar.anac.gov.br/fdh/form/textos/F-900-12E.doc)"
"F-900-13B","-","Ata de Análise de Proposta de DA","mai/06","[Comentários](http://sar.anac.gov.br/Regulamentacao/FormDetail.asp?Form=900-13&Rev=B)","[Arquivo](http://sar.anac.gov.br/fdh/form/textos/F-900-13B.doc)"
"F-900-14","-","Proposta de DA","jun/07","[Comentários](http://sar.anac.gov.br/Regulamentacao/FormDetail.asp?Form=900-14&Rev=/)","[Arquivo](http://sar.anac.gov.br/fdh/form/textos/F-900-14.doc)"
"F-900-15","-","Proposed AD","jun/07","[Comentários](http://sar.anac.gov.br/Regulamentacao/FormDetail.asp?Form=900-15&Rev=/)","[Arquivo](http://sar.anac.gov.br/fdh/form/textos/F-900-15.doc)"
"F-900-16B","-","Requerimento para Credenciamento de Examinador de MMA","jun/19","[Comentários](http://sar.anac.gov.br/Regulamentacao/FormDetail.asp?Form=900-16&Rev=B)","[Arquivo](http://sar.anac.gov.br/fdh/form/textos/F-900-16B.docx)"
"F-900-17B","-","Check List de Aeronavegabilidade 121 - Aud. de Base - Mód. 1 - Situação Empresa","abr/16","[Comentários](http://sar.anac.gov.br/Regulamentacao/FormDetail.asp?Form=900-17&Rev=B)","[Arquivo](http://sar.anac.gov.br/fdh/form/textos/F-900-17B.doc)"
"F-900-18C","-","Check List de Aeronavegabilidade 121 - Aud. de Base - Mód. 2 - Proc. Controle","jan/18","[Comentários](http://sar.anac.gov.br/Regulamentacao/FormDetail.asp?Form=900-18&Rev=C)","[Arquivo](http://sar.anac.gov.br/fdh/form/textos/F-900-18C.doc)"
"F-900-19A","-","Check List de Aeronavegabilidade 121 - Aud. de Base - Mód. 3 - Manutenção","mai/11","[Comentários](http://sar.anac.gov.br/Regulamentacao/FormDetail.asp?Form=900-19&Rev=A)","[Arquivo](http://sar.anac.gov.br/fdh/form/textos/F-900-19A.doc)"
"F-900-20B","-","Check List de Aeronavegabilidade 121 - Aud. de Base - Mód. 4 - Base Secundária","out/21","[Comentários](http://sar.anac.gov.br/Regulamentacao/FormDetail.asp?Form=900-20&Rev=B)","[Arquivo](http://sar.anac.gov.br/fdh/form/textos/F-900-20B.doc)"
"F-900-21A","-","Check List de Aeronavegabilidade 121 - Aud. de Base - Mód. 5 - Suprimento Téc.","mai/11","[Comentários](http://sar.anac.gov.br/Regulamentacao/FormDetail.asp?Form=900-21&Rev=A)","[Arquivo](http://sar.anac.gov.br/fdh/form/textos/F-900-21A.doc)"
"F-900-22A","-","Check List de Aeronavegabilidade 121 - Aud. de Base - Mód. 6 - Biblioteca Téc.","mai/11","[Comentários](http://sar.anac.gov.br/Regulamentacao/FormDetail.asp?Form=900-22&Rev=A)","[Arquivo](http://sar.anac.gov.br/fdh/form/textos/F-900-22A.doc)"
"F-900-23B","-","Check List de Aeronavegabilidade 121 - Voo de Acompanhamento","fev/21","[Comentários](http://sar.anac.gov.br/Regulamentacao/FormDetail.asp?Form=900-23&Rev=B)","[Arquivo](http://sar.anac.gov.br/fdh/form/textos/F-900-23B.doc)"
"F-900-24B","-","Check List de Aeronavegabilidade 121 - Aud. de Base - Inspeção Rampa","abr/21","[Comentários](http://sar.anac.gov.br/Regulamentacao/FormDetail.asp?Form=900-24&Rev=B)","[Arquivo](http://sar.anac.gov.br/fdh/form/textos/F-900-24B.doc)"
"F-900-27D","-","Check List de Aeronavegabilidade 135 - Aud. de Base - Mód. 1 - Doc. Téc.","jan/18","[Comentários](http://sar.anac.gov.br/Regulamentacao/FormDetail.asp?Form=900-27&Rev=D)","[Arquivo](http://sar.anac.gov.br/fdh/form/textos/F-900-27D.doc)"
"F-900-28B","-","Check List de Aeronavegabilidade 135 - Aud. de Base - Mód .2 - Pessoal Técnico","mai/14","[Comentários](http://sar.anac.gov.br/Regulamentacao/FormDetail.asp?Form=900-28&Rev=B)","[Arquivo](http://sar.anac.gov.br/fdh/form/textos/F-900-28B.doc)"
"F-900-29C","-","Check List de Aeronavegabilidade 135 - Aud. de Base - Mód. 3- Contr.Manutenção","dez/16","[Comentários](http://sar.anac.gov.br/Regulamentacao/FormDetail.asp?Form=900-29&Rev=C)","[Arquivo](http://sar.anac.gov.br/fdh/form/textos/F-900-29C.docx)"
"F-900-31B","-","Check List de Aeronavegabilidade 135 - Aud. de Base - Mód. 4 - Ferramental","mai/14","[Comentários](http://sar.anac.gov.br/Regulamentacao/FormDetail.asp?Form=900-31&Rev=B)","[Arquivo](http://sar.anac.gov.br/fdh/form/textos/F-900-31B.doc)"
"F-900-32B","-","Check List de Aeronavegabilidade 135 - Aud. de Base - Mód. 5 - Instalações","mai/14","[Comentários](http://sar.anac.gov.br/Regulamentacao/FormDetail.asp?Form=900-32&Rev=B)","[Arquivo](http://sar.anac.gov.br/fdh/form/textos/F-900-32B.doc)"
"F-900-42A","-","Lista de Verificação para Programa de Manutenção","fev/18","[Comentários](http://sar.anac.gov.br/Regulamentacao/FormDetail.asp?Form=900-42&Rev=A)","[Arquivo](http://sar.anac.gov.br/fdh/form/textos/F-900-42A.doc)"
"F-900-43","-","Lista de Verificação Manual RVSM","mai/09","[Comentários](http://sar.anac.gov.br/Regulamentacao/FormDetail.asp?Form=900-43&Rev=/)","[Arquivo](http://sar.anac.gov.br/fdh/form/textos/F-900-43.doc)"
"F-900-44B","-","Laudo de Aeronave Operação RVSM","jul/22","[Comentários](http://sar.anac.gov.br/Regulamentacao/FormDetail.asp?Form=900-44&Rev=B)","[Arquivo](http://sar.anac.gov.br/fdh/form/textos/F-900-44B.doc)"
"F-900-45A","-","Lista de Verificação Análise de Processo ETOPS","mai/19","[Comentários](http://sar.anac.gov.br/Regulamentacao/FormDetail.asp?Form=900-45&Rev=A)","[Arquivo](http://sar.anac.gov.br/fdh/form/textos/F-900-45A.doc)"
"F-900-46","-","Check List de Aeronavegabilidade - Processo de Certif. Empresa Regida pelo 145","mai/09","[Comentários](http://sar.anac.gov.br/Regulamentacao/FormDetail.asp?Form=900-46&Rev=/)","[Arquivo](http://sar.anac.gov.br/fdh/form/textos/F-900-46.doc)"
"F-900-47","-","Check List de Aeronavegabilidade 145 - Revisão e Aprovação do MPI","mai/09","[Comentários](http://sar.anac.gov.br/Regulamentacao/FormDetail.asp?Form=900-47&Rev=/)","[Arquivo](http://sar.anac.gov.br/fdh/form/textos/F-900-47.doc)"
"F-900-48","-","Avaliação de Examinador MMA","mai/09","[Comentários](http://sar.anac.gov.br/Regulamentacao/FormDetail.asp?Form=900-48&Rev=/)","[Arquivo](http://sar.anac.gov.br/fdh/form/textos/F-900-48.doc)"
"F-900-49C","-","Lista de Verificação para análise de MEL","jun/16","[Comentários](http://sar.anac.gov.br/Regulamentacao/FormDetail.asp?Form=900-49&Rev=C)","[Arquivo](http://sar.anac.gov.br/fdh/form/textos/F-900-49C.docx)"
"F-900-53A","-","PLANO DE AÇÕES CORRETIVAS - PAC (PAC)","abr/20","[Comentários](http://sar.anac.gov.br/Regulamentacao/FormDetail.asp?Form=900-53&Rev=A)","[Arquivo](http://sar.anac.gov.br/fdh/form/textos/F-900-53A.doc)"
"F-900-54A","-","Lista de Verificação de Análise de Contratos de Manutenção","ago/11","[Comentários](http://sar.anac.gov.br/Regulamentacao/FormDetail.asp?Form=900-54&Rev=A)","[Arquivo](http://sar.anac.gov.br/fdh/form/textos/F-900-54A.doc)"
"F-900-55C","-","Dados Cadastrais Empresa - RBAC 121, 135 ou 145","out/17","[Comentários](http://sar.anac.gov.br/Regulamentacao/FormDetail.asp?Form=900-55&Rev=C)","[Arquivo](http://sar.anac.gov.br/fdh/form/textos/F-900-55C.doc)"
"F-900-60","-","Folha de acompanhamento de processo (Auditoria RBAC 121 e 135)","jun/11","[Comentários](http://sar.anac.gov.br/Regulamentacao/FormDetail.asp?Form=900-60&Rev=/)","[Arquivo](http://sar.anac.gov.br/fdh/form/textos/F-900-60.doc)"
"F-900-63","-","Check List de Aeronavegabilidade - Aud. de Base - Mód. 7 SASC - Coleta de Dados","mai/11","[Comentários](http://sar.anac.gov.br/Regulamentacao/FormDetail.asp?Form=900-63&Rev=/)","[Arquivo](http://sar.anac.gov.br/fdh/form/textos/F-900-63.doc)"
"F-900-64","-","Check List de Aeronavegabilidade 121 - Aud. de Base - Mód. 8 SASC - Aut. Pessoal","mai/11","[Comentários](http://sar.anac.gov.br/Regulamentacao/FormDetail.asp?Form=900-64&Rev=/)","[Arquivo](http://sar.anac.gov.br/fdh/form/textos/F-900-64.doc)"
"F-900-65A","-","Reporte Interno de Segurança em Empresas de Manutenção RBHA/RBAC 145 (RIS)","set/15","[Comentários](http://sar.anac.gov.br/Regulamentacao/FormDetail.asp?Form=900-65&Rev=A)","[Arquivo](http://sar.anac.gov.br/fdh/form/textos/F-900-65A.doc)"
"F-900-67B","-","Lista de Verificação de Aprovação do Programa de Treinamento","ago/14","[Comentários](http://sar.anac.gov.br/Regulamentacao/FormDetail.asp?Form=900-67&Rev=B)","[Arquivo](http://sar.anac.gov.br/fdh/form/textos/F-900-67B.doc)"
"F-900-68","-","Lista de Verificação de Análise de Manual SASC","fev/12","[Comentários](http://sar.anac.gov.br/Regulamentacao/FormDetail.asp?Form=900-68&Rev=/)","[Arquivo](http://sar.anac.gov.br/fdh/form/textos/F-900-68.docx)"
"F-900-69A","-","Lista de Verificação de Análise de Manual CAT II","fev/12","[Comentários](http://sar.anac.gov.br/Regulamentacao/FormDetail.asp?Form=900-69&Rev=A)","[Arquivo](http://sar.anac.gov.br/fdh/form/textos/F-900-69A.docx)"
"F-900-70","-","Declaração de Conformidade","ago/12","[Comentários](http://sar.anac.gov.br/Regulamentacao/FormDetail.asp?Form=900-70&Rev=/)","[Arquivo](http://sar.anac.gov.br/fdh/form/textos/F-900-70.doc)"
"F-900-71C","-","Certificado de Organização de Manutenção (COM)","jun/21","[Comentários](http://sar.anac.gov.br/Regulamentacao/FormDetail.asp?Form=900-71&Rev=C)","[Arquivo](http://sar.anac.gov.br/fdh/form/textos/F-900-71C.doc)"
"F-900-72E","-","Especificações Operativas da Organização de Manutenção","jun/21","[Comentários](http://sar.anac.gov.br/Regulamentacao/FormDetail.asp?Form=900-72&Rev=E)","[Arquivo](http://sar.anac.gov.br/fdh/form/textos/F-900-72E.doc)"
"F-900-73","-","Carta de Solicitação Formal","ago/12","[Comentários](http://sar.anac.gov.br/Regulamentacao/FormDetail.asp?Form=900-73&Rev=/)","[Arquivo](http://sar.anac.gov.br/fdh/form/textos/F-900-73.doc)"
"F-900-75B","-","Lista de Verificação para Análise de Operações PBN","ago/13","[Comentários](http://sar.anac.gov.br/Regulamentacao/FormDetail.asp?Form=900-75&Rev=B)","[Arquivo](http://sar.anac.gov.br/fdh/form/textos/F-900-75B.doc)"
"F-900-76C","-","Laudo de Aeronave - Operações PBN","jun/17","[Comentários](http://sar.anac.gov.br/Regulamentacao/FormDetail.asp?Form=900-76&Rev=C)","[Arquivo](http://sar.anac.gov.br/fdh/form/textos/F-900-76C.docx)"
"F-900-77","-","Ficha de Demonstração de Equivalência","ago/13","[Comentários](http://sar.anac.gov.br/Regulamentacao/FormDetail.asp?Form=900-77&Rev=/)","[Arquivo](http://sar.anac.gov.br/fdh/form/textos/F-900-77.doc)"
"F-900-78C","-","Cadastramento de Mecânico de Manutenção","mar/22","[Comentários](http://sar.anac.gov.br/Regulamentacao/FormDetail.asp?Form=900-78&Rev=C)","[Arquivo](http://sar.anac.gov.br/fdh/form/textos/F-900-78C.docx)"
"F-900-79A","-","Lista de verificação do procedimento de pró-rateio de tempo","abr/21","[Comentários](http://sar.anac.gov.br/Regulamentacao/FormDetail.asp?Form=900-79&Rev=A)","[Arquivo](http://sar.anac.gov.br/fdh/form/textos/F-900-79A.docx)"
"F-900-80","-","Lista de Verificação para Análise do Programa NEF e da Lista de Itens NEF","jun/16","[Comentários](http://sar.anac.gov.br/Regulamentacao/FormDetail.asp?Form=900-80&Rev=/)","[Arquivo](http://sar.anac.gov.br/fdh/form/textos/F-900-80.doc)"
"F-900-81A","-","Solicitação de Certificação de acordo com o MAG/EASA-ANAC","ago/20","[Comentários](http://sar.anac.gov.br/Regulamentacao/FormDetail.asp?Form=900-81&Rev=A)","[Arquivo](http://sar.anac.gov.br/fdh/form/textos/F-900-81A.docx)"
"F-900-83D","-","LV Auditoria RBAC 91 com mecânicos autorizado (RBAC 43.7 (B)-I","set/21","[Comentários](http://sar.anac.gov.br/Regulamentacao/FormDetail.asp?Form=900-83&Rev=D)","[Arquivo](http://sar.anac.gov.br/fdh/form/textos/F-900-83D.doc)"
"F-900-84B","-","Lista de Verificação Auditoria RBAC 137","set/21","[Comentários](http://sar.anac.gov.br/Regulamentacao/FormDetail.asp?Form=900-84&Rev=B)","[Arquivo](http://sar.anac.gov.br/fdh/form/textos/F-900-84B.doc)"
"F-900-85","-","Ficha de avaliação de MMA - FAMMA (FAMMA)","out/17","[Comentários](http://sar.anac.gov.br/Regulamentacao/FormDetail.asp?Form=900-85&Rev=/)","[Arquivo](http://sar.anac.gov.br/fdh/form/textos/F-900-85.docx)"
"F-900-86","-","Declaração de Perecimento de Aeronave","out/17","[Comentários](http://sar.anac.gov.br/Regulamentacao/FormDetail.asp?Form=900-86&Rev=/)","[Arquivo](http://sar.anac.gov.br/fdh/form/textos/F-900-86.doc)"
"F-900-90B","-","Checklist Inspeção de Escopo Reduzido em OM RBAC 145","set/18","[Comentários](http://sar.anac.gov.br/Regulamentacao/FormDetail.asp?Form=900-90&Rev=B)","[Arquivo](http://sar.anac.gov.br/fdh/form/textos/F-900-90B.doc)"
"F-900-93A","-","Mapa Informativo de Controle de Componentes e Inspeções","jan/23","[Comentários](http://sar.anac.gov.br/Regulamentacao/FormDetail.asp?Form=900-93&Rev=A)","[Arquivo](http://sar.anac.gov.br/fdh/form/textos/F-900-93A.doc)"
"F-991","-","Lista de verificação para emissão de CAER Classe 3","jun/19","[Comentários](http://sar.anac.gov.br/Regulamentacao/FormDetail.asp?Form=991&Rev=/)","[Arquivo](http://sar.anac.gov.br/fdh/form/textos/F-991.doc)"
